Workbook

Sheet Änderungshistorie
A1: Version | B1: Datum | C1: Name | D1: Was
A2: _2020-07-06 | B2: 43989 | C2: D.Schrader | D2: Actualisation according the Conzept for Dokumentation Testautmation
A3: _2020-07-07 | B3: 44019 | C3: Swarna Srivastava | D3: Updated TA Status
A4: _2020-07-08 | B4: 44050 | C4: Swarna Srivastava | D4: Updated TA Status and cell colours for Section/Section Items
A5: _2020-07-10 | B5: 44111 | C5: Swarna Srivastava | D5: Replaced Missing Items with Open in TA Status column
A6: _2020-07-16 | B6: 16/7/2020 | C6: Swarna Srivastava | D6: Updated TA status for previously open items that are now completed
A7: _2020-08-10 | B7: 44053 | C7: Christine Ganz | D7: Editorial Page ( Checkpoints in red, One-HUB-EP-13 to One-HUB-EP-24 changed to "modified"; added S109 Answers Stage deleting section), Deleting S120, S124 and S106 ,
A8: _2020-08-20 | B8: 20/8/2020 | C8: Swarna Srivastava | D8: Updated TA status for previously open items that are now completed
A9: _2020-08-31 | B9: 31/8/2020 | C9: Swarna Srivastava | D9: Updated TA status for previously open items that are now completed
A10: _2020-09-18 | B10: 44092 | C10: Christine Ganz | D10: XF Template (Checkpoints added, Column TA and TA Status added) please add TA Testcase marked as TA = yes and TA Status open)
D11: also new is checkpoint: ONE-HUB-XF-17
A12: _2020-09-25 | B12: 25/9/2020 | C12: Swarna Srivastava | D12: All the tests are impletented in each page. Previously sections present in multiple pages were implemented in 1 page only
A13: _2020-10-08 | B13: 44112 | C13: Christine Ganz | D13: Hompage: One-HUB-HP-09; One-HUB-HP-18; One-HUB-HP-27 -> a new Section S129
B14: 44112 | C14: Christine Ganz | D14: Homepage: The Checkpoint from HP changed because of the new Section
B15: 44112 | C15: Christine Ganz | D15: Showroompage: One-HUB-SR-06; One-HUB-SR-18; One-HUB-SR-30 -> Section S102 modified
B16: 44112 | C16: Christine Ganz | D16: Showroompage: One-HUB-SR-12; One-HUB-SR-24; One-HUB-SR-36 -> new Section S130
B17: 44112 | C17: Christine Ganz | D17: Showroompage: The Checkpoint from SP changed because of the new Section
B18: 44112 | C18: Christine Ganz | D18: Editorial Overview Page: The Checkpoint has been updated (there was a wrong sequence)
B19: 44112 | C19: Christine Ganz | D19: Editorail Page: One-HUB-EP-11; One-HUB-EP-23; One-HUB-EP-35; Countdown Section has been modified because of new elemnts: Icon Bullet Point
B20: 44112 | C20: Christine Ganz | D20: New Templates: Glossay Page and Maintain Glossary Page: 7 new TC for TA
B21: 44112 | C21: Christine Ganz | D21: XF Template: ONE-HUB-XF-11, new Disclaimer Type
B22: 44112 | C22: Christine Ganz | D22: XF Template: The Checkpoint from XF' changed because of the new Disclaime type
A23: _2020-10-16 | B23: 16/10/2020 | C23: Amruta Mhatre | D23: Updated TA Status: Editorail Page: One-HUB-EP-11; One-HUB-EP-23; One-HUB-EP-35
A24: _2020-10-22 | B24: 22/10/2020 | C24: Amruta Mhatre | D24: Updated TA Status: Showroompage: One-HUB-SR-06; One-HUB-SR-18; One-HUB-SR-30 -> Section S102 modified
A25: _2020-10-22 | B25: 22/10/2020 | C25: Amruta Mhatre | D25: Updated TA Status: Showroompage: One-HUB-SR-12; One-HUB-SR-36 -> new Section S130
A26: _2020-10-22 | B26: 22/10/2020 | C26: Amruta Mhatre | D26: Updated TA Status: XFs : ONE-HUB-XF-01, ONE-HUB-XF-03, ONE-HUB-XF-05, ONE-HUB-XF-07, ONE-HUB-XF-09, ONE-HUB-XF-11, ONE-HUB-XF-20
A27: _2020-10-23 | B27: 23/10/2020 | C27: Amruta Mhatre | D27: Updated TA Status: Hompage: One-HUB-HP-09; One-HUB-HP-18; One-HUB-HP-27 -> a new Section S129
B28: 44200 | C28: Dagmar Schrader | D28: Update color blue to black; Insert column "TA"; Split Column "TA Status" into "TA" and"TA Status"; Update Browser Matrix
B29: 44224 | C29: Dagmar Schrader | D29: Seperate Publisher proves in own checkpoint to make transparent which checkpoint are automated for the diffenet Dekstop and mobil divices
B30: 44229 | C30: Aditya Pandey | D30: Updated Home Page, Showroom page, Editorial Overview Page and Editorial Page with completed new verification and delete testcases for different viewports
B31: 44245 | C31: Christine Ganz | D31: Update: Template To-Sit --> general functions: Testgoal and TA + TA Status
A32: _2021-04-01 | B32: 44287 | C32: Jens Vogler | D32: Prototype documentation of clickable items (Home Page 27 TF)
A33: _2021-04-20 | B33: 44306 | C33: William Pacori | D33: Add Video asset + cover image in S104
A34: _2021-04-21 | B34: 44307 | C34: Swarna Srivastava | D34: Completed "is saved" open items
A35: _2021-04-27 | B35: 44313 | C35: Christine Ganz | D35: Template Homepage: New checkpoints: One-HUB-HP-28, One-HUB-HP-29, One-HUB-HP-29-01, One-HUB-HP-30, One-HUB-HP-30-01, Adjustment of some Sections: Clickable Elements should be add to TA Tests(marked orange)
B36: 44313 | C36: Christine Ganz | D36: Template Showroom: Adjustment of some Sections: Clickable Elements should be add to TA Tests(marked orange)
B37: 44313 | C37: Christine Ganz | D37: Template Editorial Overview Page: Adjustment of some Sections: Clickable Elements should be add to TA Tests(marked orange)
B38: 44313 | C38: Christine Ganz | D38: Template Editorial Page: Adjustment of some Sections: Clickable Elements should be add to TA Tests(marked orange)
B39: 44313 | C39: Christine Ganz | D39: Template Error Page (all checkpoints) adding Tests to TA
B40: 44313 | C40: Christine Ganz | D40: Template XF's: ONE-HUB-XF-14 to ONE-HUB-XF-27
B41: 44349 | C41: Aditya Pandey | D41: Update TA status : To Sit : One-Hub-GF-01, One-Hub-Gf-03, One-Hub-Gf-05, One-Hub-Gf-06, One-Hub-Gf-07, One-Hub-Gf-08, One-Hub-Gf-09, One-Hub-Gf-10, One-Hub-Gf-19
B42: 44391 | C42: Aditya Pandey | D42: Update TA status for To Sit and XF tab
B43: 44391 | C43: Poojitha pakala | D43: Update TA status for XF tab added comments for ONE-HUB-XF-19 and ONE-HUB-XF-21
B44: 44404 | C44: Jayalakshmi Annadurai | D44: Updated TA Status for Error page test case. Added comments for One-HUB-ERP-01, One-HUB-ERP-02, One-HUB-ERP-03 , One-HUB-ERP-07
B45: 44411 | C45: Aditya Pandey | D45: Update TA Status for Homepage, Showroom Page, Editorial Overview Page, Editorial Page testcases
B46: 44411 | C46: Jayalakshmi Annadurai | D46: Updated TA Status for Error page test case
B47: 44427 | C47: Jayalakshmi Annadurai | D47: Removed Comments for TO SIT test case. Removed is displayed on the publisher line from charter after checking the scirpt
... B54: 44756 | C54: Reddirani Anagjala | D54: Updated TA status for One-HUB-GF-20
A55: _2022-09-14 | B55: 44818 | C55: M.Kania | D55: NBAB in SIT updates, Breadcrumbs Homepage updates
A56: _2022-10-11 | B56: 44845 | C56: M.Kania | D56: S128 Technical Data Section updated
A57: 44922 | B57: 44922 | C57: Varun Bhatnagar | D57: TA status for S128 technical data section updated
B58: 44922 | C58: Varun Bhatnagar | D58: TA status updated for GF-19
A59: _2023-03-03 | B59: 44988 | C59: M.Kania | D59: Added S137 Section to the Showroom
D60: XF: add Content Slider XF
A61: _2023-03-16 | B61: 45001 | C61: William Pacori | D61: Added S138 Scrollytelling Section
A62: 45035 | B62: 45035 | C62: Madhushree | D62: Updated TA status for S138 ScrollyTellingSection
B63: 45036 | C63: Reddirani Anagjala | D63: Updated TA status for S137 Content Slider Section, Added comment for ONE-HUB-XF-31, ONE-HUB-XF-32
B64: 45065 | C64: Varun Bhatnagar | D64: Updated TA Status for GF-25
B65: 45065 | C65: Madhushree | D65: Updated TA Status for FAP-01
B66: 45065 | C66: Reddirani Anagjala | D66: Updated TA Status for FAP-02 and FAP-03
B67: 45126 | C67: M.Kania | D67: Updates To SIT: add Integrator Template with Forms D6, updates NBAB A/B Testing
B68: 45266 | C68: M.Kania | D68: add URL Mapping for to SIT: One-HUB-GF-27
B69: 45280 | C69: M.Kania | D69: add checkpoint to S128 that the CTD FA can be opened with CTA
D70: Added checkpoint with checking unpublished assets in author node
A71: _2025-06-04 | B71: 45812 | C71: H. Zayin | D71: Added checkpoint for Glossary Section
D72: Added checkpoint for advanced disclaimer
D73: Removed Integrator Template checkpoints in to sit
A74: _2025-06-11 | B74: 45819 | C74: H. Zayin | D74: Updated GF-28 Checkpoint for TA
A75: _2025-06-25 | B75: 45833 | C75: H. Zayin | D75: Added Checkpoint for Accessiblity for TOSIT, Error Page, EP, EOP, MOP, Showroom, Homepage
D76: Added Checkpoint for Showroom S128
D77: Removed Checkpoints for OneShop in TOSIT
A78: _2025-07-16 | B78: _2025-07-16 | C78: Vidya Rani | D78: Updated the TA status for One-HUB-GF-28
A79: _2025-07-16 | B79: _2025-07-16 | C79: Varun Bhatnagar | D79: Updated the TA status for One-HUB-SR-02-2,ONE-HUB-XF-12-01
A80: _2025-08-19 | B80: 45888 | C80: H. Zayin | D80: Updated Checkpoints for S139 Basic Stage Section One-HUB-HP-01, One-HUB-HP-10, One-HUB-HP-10-01, One-HUB-HP-19, One-HUB-HP-19-01, One-HUB-SR-01-01
D81: Updated Checkpoint Integrator Template One-HUB-GF-16
A82: 45910 | B82: 45910 | C82: Varun Bhatnagar | D82: Updated TA status for S139 Basic Stage Section One-HUB-HP-01, One-HUB-HP-10, One-HUB-HP-10-01, One-HUB-HP-19, One-HUB-HP-19-01, One-HUB-SR-01-01 and One-HUB-GF-16
A83: _2025-11-24 | B83: 45985 | C83: H. Zayin | D83: Updated Template and added metadata sheet for TA tracking, added archive with old checkpoints
A84: _2026-01-26 | B84: 46048 | C84: H. Zayin | D84: Added Checkpoints for Wishlist and Shopping Cart One-HUB-GF-30, One-HUB-GF-31 in TOSIT

Sheet Teststrategie
A1: Teststrategie | E1: Aufteilung
A2: 1. Auf dem Publisher über Domänen-URL einen exemplarischen Markt testen | E2: 0.8
A3: 2.E2E: Im Autor exemplarisch Testconten verändern/aufbauen, publishen, auf Publisher testen | E3: 0.2
A6: Glossar:
A10: Shown are only the moste important Sections per page. These are suggested by PO Support by using the Actual live content as reference.
A12: Site Root
A13: Market Page
B14: Home Page*
C15: Model Overview Page *
D16: Showroompage*
C17: Editorial Overview Page *
D18: Editorial Overview Page* | E18: Editorial Page*
D19: Showroompage*
D20: Integrator Page
D21: Editorial Page*
C22: Editorial Page* | D22: Structure Page
D23: Modelstructure Root
D24: Disclaimer Overview Page
D25: Unsupported Browser Notification
C26: Structure Page
D27: Error Page 4xx*
D28: Non React Simple Page
O31: Homepage
O32: Editorial Page
O33: Editorial Overview Page
O34: Model Overview Page
O35: Showroom Page
O36: Error Page
O41: Non React Simple Page
O42: Structure Page
O43: Glossary Page
O44: Maintain Glossary Page
O45: Structure Page
O46: Feature App Page

Sheet MetaData
A1: Tablename | B1: #Checkpoint | C1: #TA Completed | D1: Automatisierungsgrad
A2: Homepage | B2: =COUNTIF(INDIRECT("'" & A2 & "'!A" &(MATCH("Checkpoint",INDIRECT("'" & A2 & "'!A:A"),0)+1)& ":A1000"),"?*") -> 51 | C2: =COUNTIF(INDIRECT("'" & A2 & "'!G:G"),"*Completed*") -> 48 | D2: =C2/B2 -> 0.94117647
A3: Showroom Page | B3: =COUNTIF(INDIRECT("'" & A3 & "'!A" &(MATCH("Checkpoint",INDIRECT("'" & A3 & "'!A:A"),0)+1)& ":A1000"),"?*") -> 75 | C3: =COUNTIF(INDIRECT("'" & A3 & "'!G:G"),"*Completed*") -> 73 | D3: =C3/B3 -> 0.97333333
A4: Editorial Overview Page | B4: =COUNTIF(INDIRECT("'" & A4 & "'!A" &(MATCH("Checkpoint",INDIRECT("'" & A4 & "'!A:A"),0)+1)& ":A1000"),"?*") -> 51 | C4: =COUNTIF(INDIRECT("'" & A4 & "'!G:G"),"*Completed*") -> 50 | D4: =C4/B4 -> 0.98039216
A5: Editorial Page | B5: =COUNTIF(INDIRECT("'" & A5 & "'!A" &(MATCH("Checkpoint",INDIRECT("'" & A5 & "'!A:A"),0)+1)& ":A1000"),"?*") -> 61 | C5: =COUNTIF(INDIRECT("'" & A5 & "'!G:G"),"*Completed*") -> 60 | D5: =C5/B5 -> 0.98360656
A6: Model Overview Page | B6: =COUNTIF(INDIRECT("'" & A6 & "'!A" &(MATCH("Checkpoint",INDIRECT("'" & A6 & "'!A:A"),0)+1)& ":A1000"),"?*") -> 1 | C6: =COUNTIF(INDIRECT("'" & A6 & "'!G:G"),"*Completed*") -> 0 | D6: =C6/B6 -> 0
A7: Feature App Page | B7: =COUNTIF(INDIRECT("'" & A7 & "'!A" &(MATCH("Checkpoint",INDIRECT("'" & A7 & "'!A:A"),0)+1)& ":A1000"),"?*") -> 3 | C7: =COUNTIF(INDIRECT("'" & A7 & "'!G:G"),"*Completed*") -> 3 | D7: =C7/B7 -> 1
A8: DAM | B8: =COUNTIF(INDIRECT("'" & A8 & "'!A" &(MATCH("Checkpoint",INDIRECT("'" & A8 & "'!A:A"),0)+1)& ":A1000"),"?*") -> 4 | C8: =COUNTIF(INDIRECT("'" & A8 & "'!G:G"),"*Completed*") -> 0 | D8: =C8/B8 -> 0
A9: Error Page | B9: =COUNTIF(INDIRECT("'" & A9 & "'!A" &(MATCH("Checkpoint",INDIRECT("'" & A9 & "'!A:A"),0)+1)& ":A1000"),"?*") -> 10 | C9: =COUNTIF(INDIRECT("'" & A9 & "'!G:G"),"*Completed*") -> 9 | D9: =C9/B9 -> 0.9
A10: XFs | B10: =COUNTIF(INDIRECT("'" & A10 & "'!A" &(MATCH("Checkpoint",INDIRECT("'" & A10 & "'!A:A"),0)+1)& ":A1000"),"?*") -> 33 | C10: =COUNTIF(INDIRECT("'" & A10 & "'!G:G"),"*Completed*") -> 24 | D10: =C10/B10 -> 0.72727273
A11: TO SIT | B11: =COUNTIF(INDIRECT("'" & A11 & "'!A" &(MATCH("Checkpoint",INDIRECT("'" & A11 & "'!A:A"),0)+1)& ":A1000"),"?*") -> 28 | C11: =COUNTIF(INDIRECT("'" & A11 & "'!G:G"),"*Completed*") -> 19 | D11: =C11/B11 -> 0.67857143
A12: Summe | B12: =SUBTOTAL(109,Tabelle2['#Checkpoint]) -> 317 | C12: =SUBTOTAL(109,Tabelle2['#TA Completed]) -> 286 | D12: =Tabelle2[[#Totals],['#TA Completed]]/Tabelle2[[#Totals],['#Checkpoint]] -> 0.9022082

Sheet Homepage
A1: Testexecution Product Release Version: v3.198.276.122 Date Start: 30.06.2026 Date Ende: 06.07.2026 Test
A2: Environment: https://ngw-stage.lighthouselabs.io/de/mofa.html
A3: Checkpoint | B3: Template | C3: Section | D3: Test goal (expected result) | E3: Section Items | F3: TA | G3: TA Status | H3: Example | I3: URL Testcontent | J3: Who | K3: iPhone 16 iOs v. 26 Safari/Mobile | L3: iPad iOs v. 26 Safari/Tablet | M3: MacBook Safari v. 12.1.2 | N3: Samsung Galaxy 8 Android v. IE v. 10.1.00.27 Chrome/Mobile | O3: Tablet Android v. Chrome v. 77 Chrome/Tablet | P3: Samsung Galaxy 8 Android Chrome v. 77 Chrome/Mobile | Q3: Chrome v. 84 Chrome/Desktop | R3: Microsoft Edge v. 44 Chrome/ Desktop | S3: FireFox v. 68 | T3: New Jira Ticket | U3: Existing Jira Ticket
A4: One-HUB-HP-01 | B4: Home Page | C4: S139 Basic Stage Section | D4: Validation, that - a S139 with its items can be created - arranges a headline, a media element, a copy item and two optional CTA Button - is saved | E4: S139 Fullscreen Stage Section Item: Heading Item: Image Item: I101Copy Item Item: CTA Button with Link or Layer Item: CTA Button with Link or Layer | F4: Yes | G4: Completed | Q4: TA OK | S4: TA OK
A5: One-HUB-HP-02 | B5: Home Page | C5: S113 First Level Teaser | D5: Validation, that - a S113 with its items can be created - arranges a headline and between 2 and 4 Editorial Teaser Elements | E5: S113 First Level Teaser Item: Heading Editorial Teaser Element 1 Editorial Teaser Element 2 Editorial Teaser Element 3 Editorial Teaser Element 4 | F5: Yes | G5: Completed | Q5: TA OK | S5: TA OK
A6: One-HUB-HP-03 | B6: Home Page | C6: S116 Section Group | D6: Validation, that - a S116 with its items can be created - arranges a headline and several sections | E6: S116 Section Group S115 Focus Teaser Section S110 Highlight Teaser Section S102 Single Column Section (all Items) Item: Heading I101 Copy Item I102 Quote Item I103 Statement Item I106 Media Single Item I108 Link List Item | F6: Yes | G6: Completed | Q6: TA OK | S6: TA OK
A7: One-HUB-HP-04 | B7: Home Page | C7: S115 Focus Teaser Section | D7: Validation, that - a S115 with its items can be created - arranges a focus teaser element | E7: S115 Focus Teaser Section Editorial Teaser Element 1 Item: Additional Link | F7: Yes | G7: Completed | Q7: TA OK | S7: TA OK
A8: One-HUB-HP-05 | B8: Home Page | C8: S110 Highlight Teaser Section | D8: Validation, that - a S110 with its items can be created - arranges between 3 and 5 Editorial Teaser Elements | E8: S110 Highlight Teaser Section Editorial Teaser Element 1 Editorial Teaser Element 2 Editorial Teaser Element 3 | F8: Yes | G8: completed | Q8: TA OK | S8: TA OK
A9: One-HUB-HP-06 | B9: Home Page | C9: S102 Single Column Section | D9: Validation, that - a S102 with its items can be created - arranges a headline and a column for items - Items: I101 copy item; I102 quote item;I103 statement item;I106 media single item ;I126 link list item | E9: S102 Single Column Section Item: Heading I101 Copy Item I102 Quote Item I103 Statement Item I106 Media Single Item I108 Link List Item | F9: Yes | G9: completed | Q9: TA OK | S9: TA OK
A10: One-HUB-HP-07 | B10: Home Page | C10: S108 Editorial Teaser Section | D10: Validation, that - a S108 with its items can be created - arranges 3 or 6 teaser elements - is saved | E10: S108 Editorial Teaser Section Item: Heading Editorial Teaser Element 1 Editorial Teaser Element 2 Editorial Teaser Element 3 Editorial Teaser Element 4 Editorial Teaser Element 5 Editorial Teaser Element 6 | F10: Yes | G10: completed | Q10: TA OK | S10: TA OK
A11: One-HUB-HP-08 | B11: Home Page | C11: S119 Newsletter Signup Section | D11: Validation, that - a S119 with its items can be created - arranges a headline, a copy item and a CTA Button which provides a link to a newsletter signup form | E11: S119 Newsletter Signup Section Item: Heading Item: I101Copy Item CTA Button | F11: Yes | G11: completed | Q11: TA OK | S11: TA OK
A12: One-HUB-HP-09 | B12: Home Page | C12: S129 Power Teaser Section | D12: Validation, that - a S108 with its items can be created - arranges 3 or 6 teaser elements | E12: S129 Power Teaser Section Item: Richtext Simple Item: Heading Item: I101Copy Item Icon Bullet Point Element 1: with CAR_FRONT Icon Icon Bullet Point Element 2: with CONTACT_DEALER Icon Icon Bullet Point Element 3: with DOWNLOAD Icon Icon Bullet Point Element 4: with MAIL Icon Icon Bullet Point Element 5: with CALENDAR Icon Icon Bullet Point Element 6: with BROCHURE Icon CTA Button Image | F12: Yes | G12: completed | Q12: TA OK | S12: TA OK
A13: One-HUB-HP-28 | B13: Home Page | C13: S132 Expand Collapse Section | D13: Validation, that - a S132 with its items can be created - arraganges I132 Expand Collapse Items | E13: Item: I132 Expand Collapse Item 1 Item: Image Item: Richtext Simple Item: Richtext Full Item: Link Item: I132 Expand Collapse Item 2 Item: Image Item: Richtext Simple Item: Richtext Full Item: Link Item: I132 Expand Collapse Item 3 Item: Image Item: Richtext Simple Item: Richtext Full Item: Link Item: I132 Expand Collapse Item 4 Item: Image Item: Richtext Simple Item: Richtext Full Item: Link | F13: Yes | G13: Completed | Q13: TA OK | S13: TA OK
A14: One-HUB-HP-10 | B14: Home Page | C14: S139 Fullscreen Stage Section | D14: Validation, that - a S139 with its items can be modified - arranges a headline, a media element, a copy item and an two optional CTA Button | E14: S139 Fullscreen Stage Section Item: Heading Item: Image Item: I101Copy Item Item: CTA Button with Link or Layer Item: CTA Button with Link or Layer | F14: Yes | G14: Completed | Q14: TA OK | S14: TA OK
A15: One-HUB-HP-10-01 | B15: Home Page | C15: S139 Fullscreen Stage Section | D15: Validation, that - the S139 Fullscreen Stage Section is displayed on the publisher - Both CTA Buttons with Link or Layer are clickable | E15: S104 Fullscreen Stage Section Item: Heading Item: Image Item: I101Copy Item Item: CTA Button with Link or Layer Item: CTA Button with Link or Layer | F15: Yes | G15: Completed | Q15: TA OK | S15: TA OK
... A53: One-HUB-HP-30-01 | B53: Home Page | C53: S132 Expand Collapse Section | D53: Validation, that - the Home Page is displayed without S132 Power Teaser Section on the publisher | E53: Item: I132 Expand Collapse Item 1 Item: Image Item: Richtext Simple Item: Richtext Full Item: Link Item: I132 Expand Collapse Item 2 Item: Image Item: Richtext Simple Item: Richtext Full Item: Link Item: I132 Expand Collapse Item 3 Item: Image Item: Richtext Simple Item: Richtext Full Item: Link Item: I132 Expand Collapse Item 4 Item: Image Item: Richtext Simple Item: Richtext Full Item: Link | F53: Yes | G53: Completed | Q53: TA OK | S53: TA OK
A54: One-HUB-HP-31 | B54: Accessibility | C54: Accessiblity | D54: Validation, that - all elements are reachable via keyboard - every element is read out by a screenreader | F54: No

Sheet Editorial Overview Page
A1: =Homepage!A1 -> Testexecution Product Release Version: v3.198.276.122 Date Start: 30.06.2026 Date Ende: 06.07.2026 Test
A2: =Homepage!A2 -> Environment: https://ngw-stage.lighthouselabs.io/de/mofa.html
A3: Checkpoint | B3: Template | C3: Section | D3: Test goal (expected result) | E3: Section Items | F3: TA | G3: TA Status | H3: Example | I3: URL Testcontent | J3: Who | K3: iPhone 16 iOs v. 26 Safari/Mobile | L3: iPad iOs v. 26 Safari/Tablet | M3: MacBook Safari v. 12.1.2 | N3: Samsung Galaxy 8 Android v. IE v. 10.1.00.27 Chrome/Mobile | O3: Tablet Android v. Chrome v. 77 Chrome/Tablet | P3: Samsung Galaxy 8 Android Chrome v. 77 Chrome/Mobile | Q3: Chrome v. 84 Chrome/Desktop | R3: Microsoft Edge v. 44 Chrome/ Desktop | S3: FireFox v. 68 | T3: New Jira Ticket | U3: Existing Jira Ticket
A4: One-HUB-EOP-01 | B4: Editorial Overview Page | C4: S106 Editorial Stage Section | D4: Validation, that - a S106 with its items can be created - arranges a headline, a media element and a copy item - is saved | E4: S106 Editorial Stage Section Item: Media Element Item: Heading Item: I101Copy Item | F4: Yes | G4: Completed | Q4: TA OK | S4: TA OK
A5: One-HUB-EOP-02 | B5: Editorial Overview Page | C5: S113 First Level Teaser | D5: Validation, that - a S113 with its items can be created - arranges a headline and between 2 and 4 Editorial Teaser Elements - is saved | E5: S113 First Level Teaser Item: Heading Editorial Teaser Element 1 Editorial Teaser Element 2 | F5: Yes | G5: Completed | Q5: TA OK | S5: TA OK
A6: One-HUB-EOP-03 | B6: Editorial Overview Page | C6: S115 Focus Teaser Section | D6: Validation, that - a S115 with its items can be created - arranges a focus teaser element - is saved | E6: S115 Focus Teaser Section Editorial Teaser Element 1 | F6: Yes | G6: Completed | Q6: TA OK | S6: TA OK
A7: One-HUB-EOP-04 | B7: Editorial Overview Page | C7: S123 Second Level Teaser Section | D7: Validation, that - a S123 with its items can be created - arranges an optional heading, copy item and a grid-like view of teasers - is saved | E7: S123 Second Level Teaser Section Item: Heading Item: I101Copy Item Item: grid-like view teaser | F7: Yes | G7: Completed | Q7: TA OK | S7: TA OK
A8: One-HUB-EOP-05 | B8: Editorial Overview Page | C8: S116 Section Group | D8: Validation, that - a S116 with its items can be created - arranges a headline and sections - is saved | E8: S116 Section Group S108 Editorial Teaser Section Item: Heading Item: Editorial teaser 1 Item: Editorial teaser 2 Item: Editorial teaser 3 S101 Heading Section Item: Heading Item: I101Copy Item | F8: Yes | G8: Completed | Q8: TA OK | S8: TA OK
A9: One-HUB-EOP-06 | B9: Editorial Overview Page | C9: S117 Accordion Section | D9: Validation, that - a S117 with its items can be created - arranges a I117 accordion item - is saved | E9: S117 Accordion Section Item: Heading Item: I117Accordion Item 1 Item: Richtext Simple Item: Richtext Full Item: I117Accordion Item 2 Item: Richtext Simple Item: Richtext Full Item: I117Accordion Item 3 Item: Richtext Simple Item: Richtext Full | F9: Yes | G9: Completed | Q9: TA OK | S9: TA OK
A10: One-HUB-EOP-07 | B10: Editorial Overview Page | C10: S124 Table Section | D10: Validation, that - a S124 with its cells can be created - arranges empty table, image table, merge column merge row and richtext table cell - is saved | E10: S124 Table Section Row Table Element 1: with 4 Richtext Table Cells Row Table Element 2: with 4 Empty Table Cells Row Table Element 3: with 4 Richtext Table Cells Row Table Element 4: with 4 Image Table Cells | F10: Yes | G10: Completed | Q10: TA OK | S10: TA OK
A11: One-HUB-EOP-08 | B11: Editorial Overview Page | C11: S126 Iframe Integrator Section | D11: Validation, that - a S126 with its items can be created - integrates an external website in a page - is saved | E11: S126 Iframe Integrator Section Item: external URL - https://webspecial.volkswagen.de/emobility/test-lsf - https://trml1m.axshare.com/#id=fup9js&p=page_1&c=1 - https://hef7jn.axshare.com/#id=ptypxa&p=page_1&c=1 Item: Iframe heights by breakpoints Item: Layout for the column | F11: Yes | G11: Completed | Q11: TA OK | S11: TA OK
A12: One-HUB-EOP-09 | B12: Editorial Overview Page | C12: S111 Pros and Cons Section | D12: Validation, that - a S111 with its items can be created - arranges a pro / contra item with a headline, copy item, label, statement, description and image - is saved | E12: S111 Pros and Cons Sectio Item: Heading n Pro/Contra item Item: I101Copy Item Item: Richtext Simple Item: Richtext Simple Item: Richtext Simple Item: Richtext Simple Item: Richtext Full Item: image | F12: Yes | G12: Completed | Q12: TA OK | S12: TA OK
A13: One-HUB-EOP-10 | B13: Editorial Overview Page | C13: S112 Step By Step Section | D13: Validation, that - a S112 with its items can be created - arranges a headline, copy item and I111 Step by Step Containerchild - is saved | E13: S112 Step By Step Section Item: Heading Item: I101Copy Item Item: StepbyStep Item 1 StepbyStep Item: Image StepbyStep Item: Richtext Simple Element StepbyStep Item: Richtext Full Item: StepbyStep Item 2 StepbyStep Item: Image StepbyStep Item: Richtext Full Item: StepbyStep Item 3 StepbyStep Item: Image StepbyStep Item: Richtext Full | F13: Yes | G13: Completed | Q13: TA OK | S13: TA OK
A14: One-HUB-EOP-11 | B14: Editorial Overview Page | C14: S106 Editorial Stage Section | D14: Validation, that - a S106 with its items can be modify - arranges a headline, a media element and a copy item | E14: S106 Editorial Stage Section Item: Media Element Item: Heading Item: I101Copy Item | F14: Yes | G14: Completed | Q14: TA OK | S14: TA OK
A15: One-HUB-EOP-11-01 | B15: Editorial Overview Page | C15: S106 Editorial Stage Section | D15: Validation, that - the S106 Editorial Stage Section is displayed on the publisher | E15: S106 Editorial Stage Section Item: Media Element Item: Heading Item: I101Copy Item | F15: Yes | G15: Completed | K15: TA OK | L15: TA OK | M15: TA OK | N15: TA OK | O15: TA OK | P15: TA OK | Q15: TA OK | R15: TA OK | S15: TA OK
A16: One-HUB-EOP-12 | B16: Editorial Overview Page | C16: S113 First Level Teaser | D16: Validation, that - a S113 with its items can be modify - arranges a headline and between 2 and 4 Editorial Teaser Elements | E16: S113 First Level Teaser Item: Heading Editorial Teaser Element 1 Editorial Teaser Element 2 | F16: Yes | G16: Completed | Q16: TA OK | S16: TA OK
A17: One-HUB-EOP-12-01 | B17: Editorial Overview Page | C17: S113 First Level Teaser | D17: Validation, that - the S113 First Level Teaser is displayed on the publisher | E17: S113 First Level Teaser Item: Heading Editorial Teaser Element 1 Editorial Teaser Element 2 | F17: Yes | G17: Completed | K17: TA OK | L17: TA OK | M17: TA OK | N17: TA OK | O17: TA OK | P17: TA OK | Q17: TA OK | R17: TA OK | S17: TA OK
A18: One-HUB-EOP-13 | B18: Editorial Overview Page | C18: S115 Focus Teaser Section | D18: Validation, that - a S115 with its items can be modify - arranges a focus teaser element | E18: S115 Focus Teaser Section Editorial Teaser Element 1 | F18: Yes | G18: Completed | Q18: TA OK | S18: TA OK
A19: One-HUB-EOP-13-01 | B19: Editorial Overview Page | C19: S115 Focus Teaser Section | D19: Validation, that - the S115 Focus Teaser Section is displayed on the publisher | E19: S115 Focus Teaser Section Editorial Teaser Element 1 | F19: Yes | G19: Completed | K19: TA OK | L19: TA OK | M19: TA OK | N19: TA OK | O19: TA OK | P19: TA OK | Q19: TA OK | R19: TA OK | S19: TA OK
A20: One-HUB-EOP-14 | B20: Editorial Overview Page | C20: S123 Second Level Teaser Section | D20: Validation, that - a S123 with its items can be modify - arranges an optional heading, copy item and a grid-like view of teasers | E20: S123 Second Level Teaser Section Item: Heading Item: I101Copy Item Item: grid-like view teaser | F20: Yes | G20: Completed | Q20: TA OK | S20: TA OK
A21: One-HUB-EOP-14-01 | B21: Editorial Overview Page | C21: S123 Second Level Teaser Section | D21: Validation, that - the S123 Second Level Teaser Section is displayed on the publisher | E21: S123 Second Level Teaser Section Item: Heading Item: I101Copy Item Item: grid-like view teaser | F21: Yes | G21: Completed | K21: TA OK | L21: TA OK | M21: TA OK | N21: TA OK | O21: TA OK | P21: TA OK | Q21: TA OK | R21: TA OK | S21: TA OK
A22: One-HUB-EOP-15 | B22: Editorial Overview Page | C22: S116 Section Group | D22: Validation, that - a S116 with its items can be modify - arranges a headline and sections | E22: S116 Section Group S108 Editorial Teaser Section Item: Heading Item: Editorial teaser 1 Item: Editorial teaser 2 Item: Editorial teaser 3 S101 Heading Section Item: Heading Item: I101Copy Item | F22: Yes | G22: Completed | Q22: TA OK | S22: TA OK
A23: One-HUB-EOP-15-01 | B23: Editorial Overview Page | C23: S116 Section Group | D23: Validation, that - the S116 Section Group is displayed on the publisher | E23: S116 Section Group S108 Editorial Teaser Section Item: Heading Item: Editorial teaser 1 Item: Editorial teaser 2 Item: Editorial teaser 3 S101 Heading Section Item: Heading Item: I101Copy Item | F23: Yes | G23: Completed | K23: TA OK | L23: TA OK | M23: TA OK | N23: TA OK | O23: TA OK | P23: TA OK | Q23: TA OK | R23: TA OK | S23: TA OK
A24: One-HUB-EOP-16 | B24: Editorial Overview Page | C24: S117 Accordion Section | D24: Validation, that - a S117 with its items can be modify - arranges a I117 accordion item | E24: S117 Accordion Section Item: Heading Item: I117Accordion Item 1 Item: Richtext Simple Item: Richtext Full Item: I117Accordion Item 2 Item: Richtext Simple Item: Richtext Full Item: I117Accordion Item 3 Item: Richtext Simple Item: Richtext Full | F24: Yes | G24: Completed | Q24: TA OK | S24: TA OK
A25: One-HUB-EOP-16-01 | B25: Editorial Overview Page | C25: S117 Accordion Section | D25: Validation, that - the S117 Accordion Section is displayed on the publisher | E25: S117 Accordion Section Item: Heading Item: I117Accordion Item 1 Item: Richtext Simple Item: Richtext Full Item: I117Accordion Item 2 Item: Richtext Simple Item: Richtext Full Item: I117Accordion Item 3 Item: Richtext Simple Item: Richtext Full | F25: Yes | G25: Completed | K25: TA OK | L25: TA OK | M25: TA OK | N25: TA OK | O25: TA OK | P25: TA OK | Q25: TA OK | R25: TA OK | S25: TA OK
A26: One-HUB-EOP-17 | B26: Editorial Overview Page | C26: S124 Table Section | D26: Validation, that - a S124 with its cells can be modify - arranges empty table, image table, merge column merge row and richtext table cell | E26: S124 Table Section Row Table Element 1: with 4 Richtext Table Cells Row Table Element 2: with 4 Empty Table Cells Row Table Element 3: with 4 Richtext Table Cells Row Table Element 4: with 4 Image Table Cells | F26: Yes | G26: Completed | Q26: TA OK | S26: TA OK
A27: One-HUB-EOP-17-01 | B27: Editorial Overview Page | C27: S124 Table Section | D27: Validation, that - the S124 Table SectionAccordion Section is displayed on the publisher | E27: S124 Table Section Row Table Element 1: with 4 Richtext Table Cells Row Table Element 2: with 4 Empty Table Cells Row Table Element 3: with 4 Richtext Table Cells Row Table Element 4: with 4 Image Table Cells | F27: Yes | G27: Completed | K27: TA OK | L27: TA OK | M27: TA OK | N27: TA OK | O27: TA OK | P27: TA OK | Q27: TA OK | R27: TA OK | S27: TA OK
A28: One-HUB-EOP-18 | B28: Editorial Overview Page | C28: S126 Iframe Integrator Section | D28: Validation, that - a S126 with its items can be modify - integrates an external website in a page | E28: S126 Iframe Integrator Section Item: external URL - https://webspecial.volkswagen.de/emobility/test-lsf - https://trml1m.axshare.com/#id=fup9js&p=page_1&c=1 - https://hef7jn.axshare.com/#id=ptypxa&p=page_1&c=1 Item: Iframe heights by breakpoints Item: Layout for the column | F28: Yes | G28: Completed | Q28: TA OK
A29: One-HUB-EOP-18-01 | B29: Editorial Overview Page | C29: S126 Iframe Integrator Section | D29: Validation, that - the S126 Iframe Integrator Section is displayed on the publisher | E29: S126 Iframe Integrator Section Item: external URL - https://webspecial.volkswagen.de/emobility/test-lsf - https://trml1m.axshare.com/#id=fup9js&p=page_1&c=1 - https://hef7jn.axshare.com/#id=ptypxa&p=page_1&c=1 Item: Iframe heights by breakpoints Item: Layout for the column | F29: Yes | G29: Completed | K29: TA OK | L29: TA OK | M29: TA OK | N29: TA OK | O29: TA OK | P29: TA OK | Q29: TA OK | R29: TA OK | S29: TA OK
A30: One-HUB-EOP-19 | B30: Editorial Overview Page | C30: S111 Pros and Cons Section | D30: Validation, that - a S111 with its items can be modify - arranges a pro / contra item with a headline, copy item, label, statement, description and image | E30: S111 Pros and Cons Sectio Item: Heading n Pro/Contra item Item: I101Copy Item Item: Richtext Simple Item: Richtext Simple Item: Richtext Simple Item: Richtext Simple Item: Richtext Full Item: image | F30: Yes | G30: Completed | Q30: TA OK
A31: One-HUB-EOP-19-01 | B31: Editorial Overview Page | C31: S111 Pros and Cons Section | D31: Validation, that - the S111 Pros and Cons Section is displayed on the publisher | E31: S111 Pros and Cons Sectio Item: Heading n Pro/Contra item Item: I101Copy Item Item: Richtext Simple Item: Richtext Simple Item: Richtext Simple Item: Richtext Simple Item: Richtext Full Item: image | F31: Yes | G31: Completed | K31: TA OK | L31: TA OK | M31: TA OK | N31: TA OK | O31: TA OK | P31: TA OK | Q31: TA OK | R31: TA OK | S31: TA OK
A32: One-HUB-EOP-20 | B32: Editorial Overview Page | C32: S112 Step By Step Section | D32: Validation, that - a S112 with its items can be modify - arranges a headline, copy item and I111 Step by Step Containerchild | E32: S112 Step By Step Section Item: Heading Item: I101Copy Item Item: StepbyStep Item 1 StepbyStep Item: Image StepbyStep Item: Richtext Simple Element StepbyStep Item: Richtext Full Item: StepbyStep Item 2 StepbyStep Item: Image StepbyStep Item: Richtext Full Item: StepbyStep Item 3 StepbyStep Item: Image StepbyStep Item: Richtext Full | F32: Yes | G32: Completed | Q32: TA OK
A33: One-HUB-EOP-20-01 | B33: Editorial Overview Page | C33: S112 Step By Step Section | D33: Validation, that - the S111 Pros and Cons Section is displayed on the publisher | E33: S112 Step By Step Section Item: Heading Item: I101Copy Item Item: StepbyStep Item 1 StepbyStep Item: Image StepbyStep Item: Richtext Simple Element StepbyStep Item: Richtext Full Item: StepbyStep Item 2 StepbyStep Item: Image StepbyStep Item: Richtext Full Item: StepbyStep Item 3 StepbyStep Item: Image StepbyStep Item: Richtext Full | F33: Yes | G33: Completed | K33: TA OK | L33: TA OK | M33: TA OK | N33: TA OK | O33: TA OK | P33: TA OK | Q33: TA OK | R33: TA OK | S33: TA OK
A34: One-HUB-EOP-21 | B34: Editorial Overview Page | C34: S106 Editorial Stage Section | D34: Validation, that - a S106 with its items can be deleted - arranges a headline, a media element and a copy item | E34: S106 Editorial Stage Section Item: Media Element Item: Heading Item: I101Copy Item | F34: Yes | G34: Completed | Q34: TA OK | S34: TA OK
A35: One-HUB-EOP-21-01 | B35: Editorial Overview Page | C35: S106 Editorial Stage Section | D35: Validation, that - the Showroom is displayed without S106 Editorial Stage Section on the publisher. | E35: S106 Editorial Stage Section Item: Media Element Item: Heading Item: I101Copy Item | F35: Yes | G35: Completed | K35: TA OK | L35: TA OK | M35: TA OK | N35: TA OK | O35: TA OK | P35: TA OK | Q35: TA OK | R35: TA OK | S35: TA OK
A36: One-HUB-EOP-22 | B36: Editorial Overview Page | C36: S113 First Level Teaser | D36: Validation, that - a S113 with its items can be deleted - arranges a headline and between 2 and 4 Editorial Teaser Elements | E36: S113 First Level Teaser Item: Heading Editorial Teaser Element 1 Editorial Teaser Element 2 | F36: Yes | G36: Completed | Q36: TA OK | S36: TA OK
A37: One-HUB-EOP-22-01 | B37: Editorial Overview Page | C37: S113 First Level Teaser | D37: Validation, that - the Showroom is displayed without S113 First Level Teaser on the publisher. | E37: S113 First Level Teaser Item: Heading Editorial Teaser Element 1 Editorial Teaser Element 2 | F37: Yes | G37: Completed | K37: TA OK | L37: TA OK | M37: TA OK | N37: TA OK | O37: TA OK | P37: TA OK | Q37: TA OK | R37: TA OK | S37: TA OK
A38: One-HUB-EOP-23 | B38: Editorial Overview Page | C38: S115 Focus Teaser Section | D38: Validation, that - a S115 with its items can be deleted - arranges a focus teaser element | E38: S115 Focus Teaser Section Editorial Teaser Element 1 | F38: Yes | G38: Completed | Q38: TA OK | S38: TA OK
A39: One-HUB-EOP-23-01 | B39: Editorial Overview Page | C39: S115 Focus Teaser Section | D39: Validation, that - the Showroom is displayed without S115 Focus Teaser Section on the publisher. | E39: S115 Focus Teaser Section Editorial Teaser Element 1 | F39: Yes | G39: Completed | K39: TA OK | L39: TA OK | M39: TA OK | N39: TA OK | O39: TA OK | P39: TA OK | Q39: TA OK | R39: TA OK | S39: TA OK
A40: One-HUB-EOP-24 | B40: Editorial Overview Page | C40: S123 Second Level Teaser Section | D40: Validation, that - a S123 with its items can be deleted - arranges an optional heading, copy item and a grid-like view of teasers | E40: S123 Second Level Teaser Section Item: Heading Item: I101Copy Item Item: grid-like view teaser | F40: Yes | G40: Completed | Q40: TA OK | S40: TA OK
A41: One-HUB-EOP-24-01 | B41: Editorial Overview Page | C41: S123 Second Level Teaser Section | D41: Validation, that - the Showroom is displayed without S123 Second Level Teaser Section on the publisher. | E41: S123 Second Level Teaser Section Item: Heading Item: I101Copy Item Item: grid-like view teaser | F41: Yes | G41: Completed | K41: TA OK | L41: TA OK | M41: TA OK | N41: TA OK | O41: TA OK | P41: TA OK | Q41: TA OK | R41: TA OK | S41: TA OK
A42: One-HUB-EOP-25 | B42: Editorial Overview Page | C42: S116 Section Group | D42: Validation, that - a S116 with its items can be deleted - arranges a headline and sections | E42: S116 Section Group S108 Editorial Teaser Section Item: Heading Item: Editorial teaser 1 Item: Editorial teaser 2 Item: Editorial teaser 3 S101 Heading Section Item: Heading Item: I101Copy Item | F42: Yes | G42: Completed | Q42: TA OK | S42: TA OK
A43: One-HUB-EOP-25-01 | B43: Editorial Overview Page | C43: S116 Section Group | D43: Validation, that - the Showroom is displayed without S116 Section Group on the publisher. | E43: S116 Section Group S108 Editorial Teaser Section Item: Heading Item: Editorial teaser 1 Item: Editorial teaser 2 Item: Editorial teaser 3 S101 Heading Section Item: Heading Item: I101Copy Item | F43: Yes | G43: Completed | K43: TA OK | L43: TA OK | M43: TA OK | N43: TA OK | O43: TA OK | P43: TA OK | Q43: TA OK | R43: TA OK | S43: TA OK
A44: One-HUB-EOP-26 | B44: Editorial Overview Page | C44: S117 Accordion Section | D44: Validation, that - a S117 with its items can be deleted - arranges a I117 accordion item | E44: S117 Accordion Section Item: Heading Item: I117Accordion Item 1 Item: Richtext Simple Item: Richtext Full Item: I117Accordion Item 2 Item: Richtext Simple Item: Richtext Full Item: I117Accordion Item 3 Item: Richtext Simple Item: Richtext Full | F44: Yes | G44: Completed | Q44: TA OK | S44: TA OK
A45: One-HUB-EOP-26-01 | B45: Editorial Overview Page | C45: S117 Accordion Section | D45: Validation, that - the Showroom is displayed without S117 Accordion Section on the publisher. | E45: S117 Accordion Section Item: Heading Item: I117Accordion Item 1 Item: Richtext Simple Item: Richtext Full Item: I117Accordion Item 2 Item: Richtext Simple Item: Richtext Full Item: I117Accordion Item 3 Item: Richtext Simple Item: Richtext Full | F45: Yes | G45: Completed | K45: TA OK | L45: TA OK | M45: TA OK | N45: TA OK | O45: TA OK | P45: TA OK | Q45: TA OK | R45: TA OK | S45: TA OK
A46: One-HUB-EOP-27 | B46: Editorial Overview Page | C46: S124 Table Section | D46: Validation, that - a S124 with its cells can be deleted - arranges empty table, image table, merge column merge row and richtext table cell | E46: S124 Table Section Row Table Element 1: with 4 Richtext Table Cells Row Table Element 2: with 4 Empty Table Cells Row Table Element 3: with 4 Richtext Table Cells Row Table Element 4: with 4 Image Table Cells | F46: Yes | G46: Completed | Q46: TA OK | S46: TA OK
A47: One-HUB-EOP-27-01 | B47: Editorial Overview Page | C47: S124 Table Section | D47: Validation, that - the Showroom is displayed without S124 Table Section on the publisher. | E47: S124 Table Section Row Table Element 1: with 4 Richtext Table Cells Row Table Element 2: with 4 Empty Table Cells Row Table Element 3: with 4 Richtext Table Cells Row Table Element 4: with 4 Image Table Cells | F47: Yes | G47: Completed | K47: TA OK | L47: TA OK | M47: TA OK | N47: TA OK | O47: TA OK | P47: TA OK | Q47: TA OK | R47: TA OK | S47: TA OK
A48: One-HUB-EOP-28 | B48: Editorial Overview Page | C48: S126 Iframe Integrator Section | D48: Validation, that - a S126 with its items can be deleted - integrates an external website in a page | E48: S126 Iframe Integrator Section Item: external URL - https://webspecial.volkswagen.de/emobility/test-lsf - https://trml1m.axshare.com/#id=fup9js&p=page_1&c=1 - https://hef7jn.axshare.com/#id=ptypxa&p=page_1&c=1 Item: Iframe heights by breakpoints Item: Layout for the column | F48: Yes | G48: Completed | Q48: TA OK | S48: TA OK
A49: One-HUB-EOP-28-01 | B49: Editorial Overview Page | C49: S126 Iframe Integrator Section | D49: Validation, that - the Showroom is displayed without S126 Iframe Integrator Section on the publisher. | E49: S126 Iframe Integrator Section Item: external URL - https://webspecial.volkswagen.de/emobility/test-lsf - https://trml1m.axshare.com/#id=fup9js&p=page_1&c=1 - https://hef7jn.axshare.com/#id=ptypxa&p=page_1&c=1 Item: Iframe heights by breakpoints Item: Layout for the column | F49: Yes | G49: Completed | K49: TA OK | L49: TA OK | M49: TA OK | N49: TA OK | O49: TA OK | P49: TA OK | Q49: TA OK | R49: TA OK | S49: TA OK
A50: One-HUB-EOP-29 | B50: Editorial Overview Page | C50: S111 Pros and Cons Section | D50: Validation, that - a S111 with its items can be deleted - arranges a pro / contra item with a headline, copy item, label, statement, description and image | E50: S111 Pros and Cons Sectio Item: Heading n Pro/Contra item Item: I101Copy Item Item: Richtext Simple Item: Richtext Simple Item: Richtext Simple Item: Richtext Simple Item: Richtext Full Item: image | F50: Yes | G50: Completed | Q50: TA OK | S50: TA OK
A51: One-HUB-EOP-29-01 | B51: Editorial Overview Page | C51: S111 Pros and Cons Section | D51: Validation, that - the Showroom is displayed without S111 Pros and Cons Section on the publisher. | E51: S111 Pros and Cons Sectio Item: Heading n Pro/Contra item Item: I101Copy Item Item: Richtext Simple Item: Richtext Simple Item: Richtext Simple Item: Richtext Simple Item: Richtext Full Item: image | F51: Yes | G51: Completed | K51: TA OK | L51: TA OK | M51: TA OK | N51: TA OK | O51: TA OK | P51: TA OK | Q51: TA OK | R51: TA OK | S51: TA OK
A52: One-HUB-EOP-30 | B52: Editorial Overview Page | C52: S112 Step By Step Section | D52: Validation, that - a S112 with its items can be deleted - arranges a headline, copy item and I111 Step by Step Containerchild | E52: S112 Step By Step Section Item: Heading Item: I101Copy Item Item: StepbyStep Item 1 StepbyStep Item: Image StepbyStep Item: Richtext Simple Element StepbyStep Item: Richtext Full Item: StepbyStep Item 2 StepbyStep Item: Image StepbyStep Item: Richtext Full Item: StepbyStep Item 3 StepbyStep Item: Image StepbyStep Item: Richtext Full | F52: Yes | G52: Completed | Q52: TA OK | S52: TA OK
A53: One-HUB-EOP-30-01 | B53: Editorial Overview Page | C53: S112 Step By Step Section | D53: Validation, that - the Showroom is displayed without S112 Step By Step Section on the publisher. | E53: S112 Step By Step Section Item: Heading Item: I101Copy Item Item: StepbyStep Item 1 StepbyStep Item: Image StepbyStep Item: Richtext Simple Element StepbyStep Item: Richtext Full Item: StepbyStep Item 2 StepbyStep Item: Image StepbyStep Item: Richtext Full Item: StepbyStep Item 3 StepbyStep Item: Image StepbyStep Item: Richtext Full | F53: Yes | G53: Completed | K53: TA OK | L53: TA OK | M53: TA OK | N53: TA OK | O53: TA OK | P53: TA OK | Q53: TA OK | R53: TA OK | S53: TA OK
A54: One-HUB-EOP-31 | B54: Accessibility | C54: Accessiblity | D54: Validation, that - all elements are reachable via keyboard - every element is read out by a screenreader | F54: No

Sheet Showroom Page
A1: =Homepage!A1 -> Testexecution Product Release Version: v3.198.276.122 Date Start: 30.06.2026 Date Ende: 06.07.2026 Test
A2: =Homepage!A2 -> Environment: https://ngw-stage.lighthouselabs.io/de/mofa.html
A3: Checkpoint | B3: Template | C3: Section | D3: Test goal (expected result) | E3: Section Items | F3: TA | G3: TA Status | H3: Example | I3: URL Testcontent | J3: Who | K3: iPhone 16 iOs v. 26 Safari/Mobile | L3: iPad iOs v. 26 Safari/Tablet | M3: MacBook Safari v. 12.1.2 | N3: Samsung Galaxy 8 Android v. IE v. 10.1.00.27 Chrome/Mobile | O3: Tablet Android v. Chrome v. 77 Chrome/Tablet | P3: Samsung Galaxy 8 Android Chrome v. 77 Chrome/Mobile | Q3: Chrome v. 84 Chrome/Desktop | R3: Microsoft Edge v. 44 Chrome/ Desktop | S3: FireFox v. 68 | T3: New Jira Ticket | U3: Existing Jira Ticket
A4: One-HUB-SR-01 | B4: Showroom Page | C4: S114 Product Experience Stage Section | D4: Validation, that - a S114 with its items can be created - arranges a 180 Degree Animation that takes proportions of entire screen and a headline - is saved | E4: S114 Product Experience Stage Section Item: 180 Degree Element Item: Heading | F4: Yes | G4: Completed | Q4: TA OK | S4: TA OK
A5: One-HUB-SR-01-01 | B5: Showroom Page | C5: S139 Basic Stage Section | D5: Validation, that - a S139 with its items can be created - a video with the same cover image can be maintained | E5: S139 Fullscreen Stage Section Item: Heading Item: Video Cover Image | F5: Yes | G5: Completed | Q5: TA OK | S5: TA OK
A6: One-HUB-SR-02 | B6: Showroom Page | C6: S128 Car Technical Data Section | D6: Validation, that - a S128 with its items can be created - is a content component for showrooms - shows a list of up to 2 key highlight technical facts about the car / salegroup / carline - shows a list of up to 6 key technical data facts about the car / salegroup / carline - is saved | E6: S128 Car Technical Data Section Item: Technical Car Fact 1 Item: Technical Car Fact 2 Item: Technical Car Fact 3 Item: Technical Car Fact 4 Item: Technical Car Fact 5 Item: Optional Button | F6: Yes | G6: Completed | Q6: TA OK | S6: TA OK
A7: One-HUB-SR-02-1 | B7: Showroom Page | C7: S128 Car Technical Data Section | D7: Validation, that - Car Technical Data Feature app can be opened with CTA - in Publish text in data tiles is not cut-off when exceeding three lines | E7: S128 Car Technical Data Section | F7: No | I7: Der Taigo
A8: One-HUB-SR-02-2 | B8: Showrom Page | C8: S128 Car Technical Data Section | D8: Validation, that - a S128 with primary, secondary and text link can be created - Buttons are positioned horizontal/vertical - is saved | E8: S128 Car Technical Data Section Item: Primary Button Item: Second Button Item: Text Link | F8: Yes | G8: Completed | Q8: TA OK | S8: TA OK
A9: One-HUB-SR-03 | B9: Showroom Page | C9: S108 Editorial Teaser Section | D9: Validation, that - a S108 with its items can be created - arranges 3 or 6 teaser elements - is saved | E9: S108 Editorial Teaser Section Item: Heading Editorial Teaser Element 1 Editorial Teaser Element 2 Editorial Teaser Element 3 | F9: Yes | G9: Completed | Q9: TA OK | S9: TA OK
A10: One-HUB-SR-04 | B10: Showroom Page | C10: S101 Heading Section | D10: Validation, that - a S101 with its items can be created - arranges a headline with a copy item - is saved | E10: S101 Heading Section Item: Heading Item: I101Copy Item | F10: Yes | G10: Completed | Q10: TA OK | S10: TA OK
A11: One-HUB-SR-05 | B11: Showroom Page | C11: S116 Section Group | D11: Validation, that - a S116 with its items can be created - arranges a headline and several sections - is saved | E11: S116 Section Group S101 Heading Section Item: Heading Item: I101Copy Item S102 Single Column Section Item: Heading I101 Copy Item I102 Quote Item I103 Statement Item I106 Media Single Item I108 Link List Item S102 Single Column Section Item: Heading I101 Copy Item I102 Quote Item I103 Statement Item I106 Media Single Item I108 Link List Item S125 Highlight Feature Section Carfeature 1 Item: Disclaimer Reference and add Legal Entity | F11: Yes | G11: Completed | Q11: TA OK | S11: TA OK
A12: One-HUB-SR-06 | B12: Showroom Page | C12: S102 Two Columns Section | D12: Validation, that - a S102 with its items can be created - arranges 2 Colums for items - Items: I101 copy item; I102 quote item;I103 statement item;I106 media single item; I126 link list item - is saved | E12: S102 Two Columns Section I101 Copy Item (left) I102 Quote Item (left) I103 Statement Item (left) I106 Media Single Item (left) I108 Link List Item (left) I101 Copy Item (right) I102 Quote Item (right) I103 Statement Item (right) I106 Media Single Item (right) I108 Link List Item (right) | F12: Yes | G12: Completed | Q12: TA OK | S12: TA OK
A13: One-HUB-SR-07 | B13: Showroom Page | C13: S125 Highlight Feature Section | D13: Validation, that - a S125 with its items can be created - consists of two modules: highlight accordion module and highlight media gallery module - highlight accordion module arranges two base elements: a headline copy(heading element and copy item) and a label(Richtext Simple Element) - media gallery module arranges a collection of up to 5 media elements - is saved | E13: S125 Highlight Feature Section Car Feature 1 Car Feature 2 Car Feature 3 Car Feature 4 | F13: Yes | G13: Completed | Q13: TA OK | S13: TA OK
A14: One-HUB-SR-08 | B14: Showroom Page | C14: S122 Feature App Section | D14: Validation, that - a S122 with its items can be created - arranges upcoming feature apps - is saved | E14: S122 Feature App Section Feature App: Configure | F14: Yes | G14: Completed | Q14: TA OK | S14: TA OK
A15: One-HUB-SR-09 | B15: Showroom Page | C15: S105 Mood Gallery Section | D15: Validation, that - a S105 with its items can be created - arranges a headline and up to 5 media elements - is saved | E15: S105 Mood Gallery Section Item: Heading Item: Media Element 1 Item: Media Element 2 Item: Media Element 3 Item: Media Element 4 Item: Media Element 5 | F15: Yes | G15: Completed | Q15: TA OK | S15: TA OK
A16: One-HUB-SR-10 | B16: Showroom Page | C16: S110 Highlight Teaser Section | D16: Validation, that - a S110 with its items can be created - arranges between 3 and 5 Editorial Teaser Elements - is saved | E16: S110 Highlight Teaser Section Item: Heading Editorial Teaser Element 1 Editorial Teaser Element 2 Editorial Teaser Element 3 | F16: Yes | G16: Completed | Q16: TA OK | S16: TA OK
A17: One-HUB-SR-11 | B17: Showroom Page | C17: S127 Feature Cluster Section | D17: Validation, that - a S127 with its items can be created - is a content component for showrooms - shows a list of Car Feature Categories and display each category with a list of links to Car Features or Content Layers, that will be opened as layers - is saved | E17: S127 Feature Cluster Section Item: Heading I101 Copy Item Car Feature Category Item 1 Car Feature Category Item 2 Car Feature Category Item 3 Car Feature Category Item 4 | F17: Yes | G17: Completed | Q17: TA OK | S17: TA OK
A18: One-HUB-SR-12 | B18: Showroom Page | C18: S130 USP Section | D18: Validation, that - a S130 with its items can be created - is a content component for showrooms - arrenges the 3 main USPs of a certain sales group - is saved | E18: S130 USP Section Item: Media Element 1: Image Item: Heading 1 Item: Copy Text 1 Item: Link 1: External Link/Internal Link Item: Media Element 2: Animation Item: Heading 2 Item: Copy Text 2 Item: Link 2: Layer Item: Media Element 3: Animation Item: Heading 3 Item: Copy Text 3 Item: Media Element 1: 180 Degree Element Properties: Tab Media interaction element Switch on: Show media interaction element Label: Media interaction elements right Label: Media interaction elements left Item: Link 3: Download | F18: Yes | G18: Completed | Q18: TA OK | S18: TA OK
A19: One-HUB-SR-37 | B19: Showroom Page | C19: S138 Scrollytelling | D19: Validation that - a S138 with can be created - Scrollytelling element can be inserted with: Scrollytelling video - Items can be inserted with: Heading Copy item | E19: S138 Scrollytelling Section | F19: Yes | G19: Completed | Q19: TA OK | S19: TA OK
... A21: One-HUB-SR-13 | B21: Showroom Page | C21: S114 Product Experience Stage Section | D21: Validation, that - a S114 with its items can be modified - arranges a 180 Degree Animation that takes proportions of entire screen and a headline | E21: S114 Product Experience Stage Section Item: 180 Degree Element Item: Heading | F21: Yes | G21: Completed | Q21: TA OK | S21: TA OK
A22: One-HUB-SR-13-01 | B22: Showroom Page | C22: S114 Product Experience Stage Section | D22: Validation, that - the S114 Product Experience Stage Section is displayed on the publisher | E22: S114 Product Experience Stage Section Item: 180 Degree Element Item: Heading | F22: Yes | G22: Completed | K22: TA OK | L22: TA OK | M22: TA OK | N22: TA OK | O22: TA OK | P22: TA OK | Q22: TA OK | S22: TA OK
A23: One-HUB-SR-14 | B23: Showroom Page | C23: S128 Car Technical Data Section | D23: Validation, that - a S128 with its items can be modified - is a content component for showrooms - shows a list of up to 10 key technical facts about the car / salegroup / carline | E23: S128 Car Technical Data Section Item: Technical Car Fact 1 Item: Technical Car Fact 2 Item: Technical Car Fact 3 Item: Technical Car Fact 4 Item: Technical Car Fact 5 Item: optional Button | F23: Yes | G23: Completed | Q23: TA OK | S23: TA OK
A24: One-HUB-SR-14-01 | B24: Showroom Page | C24: S128 Car Technical Data Section | D24: Validation, that - the S128 Car Technical Data Section is displayed on the publisher | E24: S128 Car Technical Data Section Item: Technical Car Fact 1 Item: Technical Car Fact 2 Item: Technical Car Fact 3 Item: Technical Car Fact 4 Item: Technical Car Fact 5 Item: optional Button | F24: Yes | G24: Completed | K24: TA OK | L24: TA OK | M24: TA OK | N24: TA OK | O24: TA OK | P24: TA OK | Q24: TA OK | S24: TA OK
A25: One-HUB-SR-15 | B25: Showroom Page | C25: S108 Editorial Teaser Section | D25: Validation, that - a S108 with its items can be modified - arranges 3 or 6 teaser elements | E25: S108 Editorial Teaser Section Item: Heading Editorial Teaser Element 1 Editorial Teaser Element 2 Editorial Teaser Element 3 | F25: Yes | G25: Completed | Q25: TA OK | S25: TA OK
A26: One-HUB-SR-15-01 | B26: Showroom Page | C26: S108 Editorial Teaser Section | D26: Validation, that - S108 Editorial Teaser Section is displayed on the publisher. | E26: S108 Editorial Teaser Section Item: Heading Editorial Teaser Element 1 Editorial Teaser Element 2 Editorial Teaser Element 3 | F26: Yes | G26: Completed | K26: TA OK | L26: TA OK | M26: TA OK | N26: TA OK | O26: TA OK | P26: TA OK | Q26: TA OK | S26: TA OK
A27: One-HUB-SR-16 | B27: Showroom Page | C27: S101 Heading Section | D27: Validation, that - a S101 with its items can be modified - arranges a headline with a copy item | E27: S101 Heading Section Item: Heading Item: I101Copy Item | F27: Yes | G27: Completed | Q27: TA OK | S27: TA OK
A28: One-HUB-SR-16-01 | B28: Showroom Page | C28: S101 Heading Section | D28: Validation, that - the S101 Heading Section is displayed on the publisher | E28: S101 Heading Section Item: Heading Item: I101Copy Item | F28: Yes | G28: Completed | K28: TA OK | L28: TA OK | M28: TA OK | N28: TA OK | O28: TA OK | P28: TA OK | Q28: TA OK | S28: TA OK
A29: One-HUB-SR-17 | B29: Showroom Page | C29: S116 Section Group | D29: Validation, that - a S116 with its items can be modified - arranges a headline and several sections | E29: S116 Section Group S101 Heading Section Item: Heading Item: I101Copy Item S102 Single Column Section Item: Heading I101 Copy Item I102 Quote Item I103 Statement Item I106 Media Single Item I108 Link List Item S102 Single Column Section Item: Heading I101 Copy Item I102 Quote Item I103 Statement Item I106 Media Single Item I108 Link List Item S125 Highlight Feature Section Carfeature 1 Item: Disclaimer Reference and add Legal Entity | F29: Yes | G29: Completed | Q29: TA OK | S29: TA OK
A30: One-HUB-SR-17-01 | B30: Showroom Page | C30: S116 Section Group | D30: Validation, that - the S116 Section Group is displayed on the publisher | E30: S116 Section Group S101 Heading Section Item: Heading Item: I101Copy Item S102 Single Column Section Item: Heading I101 Copy Item I102 Quote Item I103 Statement Item I106 Media Single Item I108 Link List Item S102 Single Column Section Item: Heading I101 Copy Item I102 Quote Item I103 Statement Item I106 Media Single Item I108 Link List Item S125 Highlight Feature Section Carfeature 1 Item: Disclaimer Reference and add Legal Entity | F30: Yes | G30: Completed | K30: TA OK | L30: TA OK | M30: TA OK | N30: TA OK | O30: TA OK | P30: TA OK | Q30: TA OK | S30: TA OK
A31: One-HUB-SR-18 | B31: Showroom Page | C31: S102 Two Columns Section | D31: Validation, that - a S102 with its items can be modified - arranges 2 Colums for items - Items: I101 copy item; I102 quote item;I103 statement item;I106 media single item ;I126 link list item | E31: S102 Two Columns Section I101 Copy Item (left) I102 Quote Item (left) I103 Statement Item (left) I106 Media Single Item (left) I108 Link List Item (left) I101 Copy Item (right) I102 Quote Item (right) I103 Statement Item (right) I106 Media Single Item (right) I108 Link List Item (right) | F31: Yes | G31: Completed | Q31: TA OK | S31: TA OK
A32: One-HUB-SR-18-01 | B32: Showroom Page | C32: S102 Two Columns Section | D32: Validation, that - the S102 Two Columns Section is displayed on the publisher | E32: S102 Two Columns Section I101 Copy Item (left) I102 Quote Item (left) I103 Statement Item (left) I106 Media Single Item (left) I108 Link List Item (left) I101 Copy Item (right) I102 Quote Item (right) I103 Statement Item (right) I106 Media Single Item (right) I108 Link List Item (right) | F32: Yes | G32: Completed | K32: TA OK | L32: TA OK | M32: TA OK | N32: TA OK | O32: TA OK | P32: TA OK | Q32: TA OK | S32: TA OK
A33: One-HUB-SR-19 | B33: Showroom Page | C33: S125 Highlight Feature Section | D33: Validation, that - a S125 with its items can be modified - consists of two modules: highlight accordion module and highlight media gallery module - highlight accordion module arranges two base elements: a headline copy(heading element and copy item) and a label(Richtext Simple Element) - media gallery module arranges a collection of up to 5 media elements | E33: S125 Highlight Feature Section Car Feature 1 Car Feature 2 Car Feature 3 Car Feature 4 | F33: Yes | G33: Completed | Q33: TA OK | S33: TA OK
A34: One-HUB-SR-19-01 | B34: Showroom Page | C34: S125 Highlight Feature Section | D34: Validation, that - the S125 Highlight Feature Section is displayed on the publisher | E34: S125 Highlight Feature Section Car Feature 1 Car Feature 2 Car Feature 3 Car Feature 4 | F34: Yes | G34: Completed | K34: TA OK | L34: TA OK | M34: TA OK | N34: TA OK | O34: TA OK | P34: TA OK | Q34: TA OK | S34: TA OK
A35: One-HUB-SR-20 | B35: Showroom Page | C35: S122 Feature App Section | D35: Validation, that - a S122 with its items can be modified - arranges upcoming feature apps | E35: S122 Feature App Section Feature App: Configure | F35: Yes | G35: Completed | Q35: TA OK | S35: TA OK
A36: One-HUB-SR-20-01 | B36: Showroom Page | C36: S122 Feature App Section | D36: Validation, that - the S122 Feature App Section is displayed on the publisher | E36: S122 Feature App Section Feature App: Configure | F36: Yes | G36: Completed | K36: TA OK | L36: TA OK | M36: TA OK | N36: TA OK | O36: TA OK | P36: TA OK | Q36: TA OK | S36: TA OK
A37: One-HUB-SR-21 | B37: Showroom Page | C37: S105 Mood Gallery Section | D37: Validation, that - a S105 with its items can be modified - arranges a headline and up to 5 media elements | E37: S105 Mood Gallery Section Item: Heading Item: Media Element 1 Item: Media Element 2 Item: Media Element 3 Item: Media Element 4 Item: Media Element 5 | F37: Yes | G37: Completed | Q37: TA OK | S37: TA OK
A38: One-HUB-SR-21-01 | B38: Showroom Page | C38: S105 Mood Gallery Section | D38: Validation, that - the S105 Mood Gallery Section is displayed on the publisher | E38: S105 Mood Gallery Section Item: Heading Item: Media Element 1 Item: Media Element 2 Item: Media Element 3 Item: Media Element 4 Item: Media Element 5 | F38: Yes | G38: Completed | K38: TA OK | L38: TA OK | M38: TA OK | N38: TA OK | O38: TA OK | P38: TA OK | Q38: TA OK | S38: TA OK
A39: One-HUB-SR-22 | B39: Showroom Page | C39: S110 Highlight Teaser Section | D39: Validation, that - a S110 with its items can be modified - arranges between 3 and 5 Editorial Teaser Elements | E39: S110 Highlight Teaser Section Item: Heading Editorial Teaser Element 1 Editorial Teaser Element 2 Editorial Teaser Element 3 | F39: Yes | G39: Completed | Q39: TA OK | S39: TA OK
A40: One-HUB-SR-22-01 | B40: Showroom Page | C40: S110 Highlight Teaser Section | D40: Validation, that - the S110 Highlight Teaser Section is displayed on the publisher | E40: S110 Highlight Teaser Section Item: Heading Editorial Teaser Element 1 Editorial Teaser Element 2 Editorial Teaser Element 3 | F40: Yes | G40: Completed | K40: TA OK | L40: TA OK | M40: TA OK | N40: TA OK | O40: TA OK | P40: TA OK | Q40: TA OK | S40: TA OK
A41: One-HUB-SR-23 | B41: Showroom Page | C41: S127 Feature Cluster Section | D41: Validation, that - a S127 with its items can be modified - is a content component for showrooms - shows a list of Car Feature Categories and display each category with a list of links to Car Features or Content Layers, that will be opened as layers | E41: S127 Feature Cluster Section Item: Heading I101 Copy Item Car Feature Category Item 1 Car Feature Category Item 2 Car Feature Category Item 3 Car Feature Category Item 4 | F41: Yes | G41: Completed | Q41: TA OK | S41: TA OK
A42: One-HUB-SR-23-01 | B42: Showroom Page | C42: S127 Feature Cluster Section | D42: Validation, that - the S127 Feature Cluster Section is displayed on the publisher | E42: S127 Feature Cluster Section Item: Heading I101 Copy Item Car Feature Category Item 1 Car Feature Category Item 2 Car Feature Category Item 3 Car Feature Category Item 4 | F42: Yes | G42: Completed | K42: TA OK | L42: TA OK | M42: TA OK | N42: TA OK | O42: TA OK | P42: TA OK | Q42: TA OK | S42: TA OK
A43: One-HUB-SR-24 | B43: Showroom Page | C43: S130 USP Section | D43: Validation, that - a S130 with its items can be modified - is a content component for showrooms - arrenges the 3 main USPs of a certain sales group | E43: S130 USP Section Item: Media Element 1: Image Item: Heading 1 Item: Copy Text 1 Item: Link 1: External Link/Internal Link Item: Media Element 2: Animation Item: Heading 2 Item: Copy Text 2 Item: Link 2: Layer Item: Media Element 3: Animation Item: Heading 3 Item: Copy Text 3 Item: Media Element 1: 180 Degree Element Properties: Tab Media interaction element Switch on: Show media interaction element Label: Media interaction elements right Label: Media interaction elements left Item: Link 3: Download | F43: Yes | G43: Completed | Q43: TA OK | S43: TA OK
A44: One-HUB-SR-24-01 | B44: Showroom Page | C44: S130 USP Section | D44: Validation, that - the S130 USP Section is displayed on the publisher | E44: S130 USP Section Item: Media Element 1: Image Item: Heading 1 Item: Copy Text 1 Item: Link 1: External Link/Internal Link Item: Media Element 2: Animation Item: Heading 2 Item: Copy Text 2 Item: Link 2: Layer Item: Media Element 3: Animation Item: Heading 3 Item: Copy Text 3 Item: Media Element 1: 180 Degree Element Properties: Tab Media interaction element Switch on: Show media interaction element Label: Media interaction elements right Label: Media interaction elements left Item: Link 3: Download | F44: Yes | G44: Completed | K44: TA OK | L44: TA OK | M44: TA OK | N44: TA OK | O44: TA OK | P44: TA OK | Q44: TA OK | S44: TA OK
A45: One-HUB-SR-37-1 | B45: Showroom Page | C45: S138 Scrollytelling | D45: Validation that - S138 items can be modified | E45: S138 Scrollytelling Section | F45: Yes | G45: Completed | Q45: TA OK | S45: TA OK
A46: One-HUB-SR-37-2 | B46: Showroom Page | C46: S138 Scrollytelling | D46: Validation that - S138 is displayed on publish | E46: S138 Scrollytelling Section | F46: Yes | G46: Completed | Q46: TA OK | S46: TA OK
A47: One-HUB-SR-38-1 | B47: Showroom Page | C47: S137 Content Slider Section | D47: Validation, that - S137 items can be modified | E47: S137 Content Slider Item: Headline Item: Copy text Content Slider with Category | F47: Yes | G47: Completed | Q47: TA OK | S47: TA OK
A48: One-HUB-SR-38-2 | B48: Showroom Page | C48: S137 Content Slider Section | D48: Validation, that - the S137 Section with its Items is displayed on publish - Category Button include category name and numbers of the sliders - Category Button clickable and shown the Sliders - in the iPad and desktop Viewports the next arrow is shown - in the iPad and desktop Viewports the previus arrow is shown - in the Mobile View Arrows aren't shown | E48: S137 Content Slider Item: Headline Item: Copy text Content Slider with Category Arrows | F48: Yes | G48: Completed | K48: TA OK | L48: TA OK | M48: TA OK | N48: TA OK | O48: TA OK | P48: TA OK | Q48: TA OK | S48: TA OK
A49: One-HUB-SR-38-3 | B49: Showroom Page | C49: S137 Content Slider Section | D49: Validation, that - in the iPad and desktop Viewports the next arrow is shown and scrolled to the next sliders - in the iPad and desktop Viewports the previus arrow is shown and scrolled to the beginn of the slider - Scrollbar Area is shown below the Sliders and can be moved | E49: S137 Content Slider Arrows Scrollbar Area | F49: Yes | G49: Completed | Q49: TA OK | S49: TA OK
A50: One-HUB-SR-25 | B50: Showroom Page | C50: S114 Product Experience Stage Section | D50: Validation, that - a S114 with its items can be deleted - arranges a 180 Degree Animation that takes proportions of entire screen and a headline | E50: S114 Product Experience Stage Section Item: 180 Degree Element Item: Heading | F50: Yes | G50: Completed | Q50: TA OK | S50: TA OK
A51: One-HUB-SR-25-01 | B51: Showroom Page | C51: S114 Product Experience Stage Section | D51: Validation, that - the Showroopage is displayed without S114 Product Experience Stage Section on the publisher | E51: S114 Product Experience Stage Section Item: 180 Degree Element Item: Heading | F51: Yes | G51: Completed | K51: TA OK | L51: TA OK | M51: TA OK | N51: TA OK | O51: TA OK | P51: TA OK | Q51: TA OK | S51: TA OK
A52: One-HUB-SR-26 | B52: Showroom Page | C52: S128 Car Technical Data Section | D52: Validation, that - a S128 with its items can be deleted - is a content component for showrooms - shows a list of up to 10 key technical facts about the car / salegroup / carline | E52: S128 Car Technical Data Section Item: Technical Car Fact 1 Item: Technical Car Fact 2 Item: Technical Car Fact 3 Item: Technical Car Fact 4 Item: Technical Car Fact 5 Item: optional Button | F52: Yes | G52: Completed | Q52: TA OK | S52: TA OK
A53: One-HUB-SR-26-01 | B53: Showroom Page | C53: S128 Car Technical Data Section | D53: Validation, that - the Showoroom is displayed without S128 Car Technical Data Section on the publisher | E53: S128 Car Technical Data Section Item: Technical Car Fact 1 Item: Technical Car Fact 2 Item: Technical Car Fact 3 Item: Technical Car Fact 4 Item: Technical Car Fact 5 Item: optional Button | F53: Yes | G53: Completed | K53: TA OK | L53: TA OK | M53: TA OK | N53: TA OK | O53: TA OK | P53: TA OK | Q53: TA OK | S53: TA OK
A54: One-HUB-SR-27 | B54: Showroom Page | C54: S108 Editorial Teaser Section | D54: Validation, that - a S108 with its items can be deleted - arranges 3 or 6 teaser elements | E54: S108 Editorial Teaser Section Item: Heading Editorial Teaser Element 1 Editorial Teaser Element 2 Editorial Teaser Element 3 | F54: Yes | G54: Completed | Q54: TA OK | S54: TA OK
A55: One-HUB-SR-27-01 | B55: Showroom Page | C55: S108 Editorial Teaser Section | D55: Validation, that - the Showroom is displayed without S108 Editorial Teaser Section on the publisher. | E55: S108 Editorial Teaser Section Item: Heading Editorial Teaser Element 1 Editorial Teaser Element 2 Editorial Teaser Element 3 | F55: Yes | G55: Completed | K55: TA OK | L55: TA OK | M55: TA OK | N55: TA OK | O55: TA OK | P55: TA OK | Q55: TA OK | S55: TA OK
A56: One-HUB-SR-28 | B56: Showroom Page | C56: S101 Heading Section | D56: Validation, that - a S101 with its items can be deleted - arranges a headline with a copy item | E56: S101 Heading Section Item: Heading Item: I101Copy Item | F56: Yes | G56: Completed | Q56: TA OK | S56: TA OK
A57: One-HUB-SR-28-01 | B57: Showroom Page | C57: S101 Heading Section | D57: Validation, that - the Showroom is displayed without S101 Heading Section on the publisher. | E57: S101 Heading Section Item: Heading Item: I101Copy Item | F57: Yes | G57: Completed | K57: TA OK | L57: TA OK | M57: TA OK | N57: TA OK | O57: TA OK | P57: TA OK | Q57: TA OK | S57: TA OK
A58: One-HUB-SR-29 | B58: Showroom Page | C58: S116 Section Group | D58: Validation, that - a S116 with its items can be deleted - arranges a headline and several sections | E58: S116 Section Group S101 Heading Section Item: Heading Item: I101Copy Item S102 Single Column Section Item: Heading I101 Copy Item I102 Quote Item I103 Statement Item I106 Media Single Item I108 Link List Item S102 Single Column Section Item: Heading I101 Copy Item I102 Quote Item I103 Statement Item I106 Media Single Item I108 Link List Item S125 Highlight Feature Section Carfeature 1 Item: Disclaimer Reference and add Legal Entity | F58: Yes | G58: Completed | Q58: TA OK | S58: TA OK
A59: One-HUB-SR-29-01 | B59: Showroom Page | C59: S116 Section Group | D59: Validation, that - the Showroom is displayed without S116 Section Group on the publisher. | E59: S116 Section Group S101 Heading Section Item: Heading Item: I101Copy Item S102 Single Column Section Item: Heading I101 Copy Item I102 Quote Item I103 Statement Item I106 Media Single Item I108 Link List Item S102 Single Column Section Item: Heading I101 Copy Item I102 Quote Item I103 Statement Item I106 Media Single Item I108 Link List Item S125 Highlight Feature Section Carfeature 1 Item: Disclaimer Reference and add Legal Entity | F59: Yes | G59: Completed | K59: TA OK | L59: TA OK | M59: TA OK | N59: TA OK | O59: TA OK | P59: TA OK | Q59: TA OK | S59: TA OK
A60: One-HUB-SR-30 | B60: Showroom Page | C60: S102 Two Columns Section | D60: Validation, that - a S102 with its items can be deleted - arranges 2 Colums for items - Items: I101 copy item; I102 quote item;I103 statement item;I106 media single item ;I126 link list item | E60: S102 Two Columns Section I101 Copy Item (left) I102 Quote Item (left) I103 Statement Item (left) I106 Media Single Item (left) I108 Link List Item (left) I101 Copy Item (right) I102 Quote Item (right) I103 Statement Item (right) I106 Media Single Item (right) I108 Link List Item (right) | F60: Yes | G60: Completed | Q60: TA OK | S60: TA OK
A61: One-HUB-SR-30-01 | B61: Showroom Page | C61: S102 Two Columns Section | D61: Validation, that - the Showroom is displayed without S102 Two Columns Section on the publisher. | E61: S102 Two Columns Section I101 Copy Item (left) I102 Quote Item (left) I103 Statement Item (left) I106 Media Single Item (left) I108 Link List Item (left) I101 Copy Item (right) I102 Quote Item (right) I103 Statement Item (right) I106 Media Single Item (right) I108 Link List Item (right) | F61: Yes | G61: Completed | K61: TA OK | L61: TA OK | M61: TA OK | N61: TA OK | O61: TA OK | P61: TA OK | Q61: TA OK | S61: TA OK
A62: One-HUB-SR-31 | B62: Showroom Page | C62: S125 Highlight Feature Section | D62: Validation, that - a S125 with its items can be deleted - consists of two modules: highlight accordion module and highlight media gallery module - highlight accordion module arranges two base elements: a headline copy(heading element and copy item) and a label(Richtext Simple Element) - media gallery module arranges a collection of up to 5 media elements | E62: S125 Highlight Feature Section Car Feature 1 Car Feature 2 Car Feature 3 Car Feature 4 | F62: Yes | G62: Completed | Q62: TA OK | S62: TA OK
A63: One-HUB-SR-31-01 | B63: Showroom Page | C63: S125 Highlight Feature Section | D63: Validation, that - the Showroom is displayed without S125 Highlight Feature Section on the publisher. | E63: S125 Highlight Feature Section Car Feature 1 Car Feature 2 Car Feature 3 Car Feature 4 | F63: Yes | G63: Completed | K63: TA OK | L63: TA OK | M63: TA OK | N63: TA OK | O63: TA OK | P63: TA OK | Q63: TA OK | S63: TA OK
A64: One-HUB-SR-32 | B64: Showroom Page | C64: S122 Feature App Section | D64: Validation, that - a S122 with its items can be deleted - arranges upcoming feature apps | E64: S122 Feature App Section Feature App: Configure | F64: Yes | G64: Completed | Q64: TA OK | S64: TA OK
A65: One-HUB-SR-32-01 | B65: Showroom Page | C65: S122 Feature App Section | D65: Validation, that - the Showroom is displayed without S122 Feature App Section on the publisher. | E65: S122 Feature App Section Feature App: Configure | F65: Yes | G65: Completed | K65: TA OK | L65: TA OK | M65: TA OK | N65: TA OK | O65: TA OK | P65: TA OK | Q65: TA OK | S65: TA OK
A66: One-HUB-SR-33 | B66: Showroom Page | C66: S105 Mood Gallery Section | D66: Validation, that - a S105 with its items can be deleted - arranges a headline and up to 5 media elements | E66: S105 Mood Gallery Section Item: Heading Item: Media Element 1 Item: Media Element 2 Item: Media Element 3 Item: Media Element 4 Item: Media Element 5 | F66: Yes | G66: Completed | Q66: TA OK | S66: TA OK
A67: One-HUB-SR-33-01 | B67: Showroom Page | C67: S105 Mood Gallery Section | D67: Validation, that - the Showroom is displayed without S105 Mood Gallery Sectionon the publisher. | E67: S105 Mood Gallery Section Item: Heading Item: Media Element 1 Item: Media Element 2 Item: Media Element 3 Item: Media Element 4 Item: Media Element 5 | F67: Yes | G67: Completed | K67: TA OK | L67: TA OK | M67: TA OK | N67: TA OK | O67: TA OK | P67: TA OK | Q67: TA OK | S67: TA OK
A68: One-HUB-SR-34 | B68: Showroom Page | C68: S110 Highlight Teaser Section | D68: Validation, that - a S110 with its items can be deleted - arranges between 3 and 5 Editorial Teaser Elements | E68: S110 Highlight Teaser Section Item: Heading Editorial Teaser Element 1 Editorial Teaser Element 2 Editorial Teaser Element 3 | F68: Yes | G68: Completed | Q68: TA OK | S68: TA OK
A69: One-HUB-SR-34-01 | B69: Showroom Page | C69: S110 Highlight Teaser Section | D69: Validation, that - the Showroom is displayed without S110 Highlight Teaser Section on the publisher. | E69: S110 Highlight Teaser Section Item: Heading Editorial Teaser Element 1 Editorial Teaser Element 2 Editorial Teaser Element 3 | F69: Yes | G69: Completed | K69: TA OK | L69: TA OK | M69: TA OK | N69: TA OK | O69: TA OK | P69: TA OK | Q69: TA OK | S69: TA OK
A70: One-HUB-SR-35 | B70: Showroom Page | C70: S127 Feature Cluster Section | D70: Validation, that - a S127 with its items can be deleted - is a content component for showrooms - shows a list of Car Feature Categories and display each category with a list of links to Car Features or Content Layers, that will be opened as layers - is displayed on the publisher | E70: S127 Feature Cluster Section Item: Heading I101 Copy Item Car Feature Category Item 1 Car Feature Category Item 2 Car Feature Category Item 3 Car Feature Category Item 4 | F70: Yes | G70: Completed | Q70: TA OK | S70: TA OK
A71: One-HUB-SR-35-01 | B71: Showroom Page | C71: S127 Feature Cluster Section | D71: Validation, that - the Showroom is displayed without S127 Feature Cluster Section on the publisher. | E71: S127 Feature Cluster Section Item: Heading I101 Copy Item Car Feature Category Item 1 Car Feature Category Item 2 Car Feature Category Item 3 Car Feature Category Item 4 | F71: Yes | G71: Completed | K71: TA OK | L71: TA OK | M71: TA OK | N71: TA OK | O71: TA OK | P71: TA OK | Q71: TA OK | S71: TA OK
A72: One-HUB-SR-36 | B72: Showroom Page | C72: S130 USP Section | D72: Validation, that - a S130 with its items can be deleted - is a content component for showrooms - arrenges the 3 main USPs of a certain sales group | E72: S130 USP Section Item: Media Element 1: Image Item: Heading 1 Item: Copy Text 1 Item: Link 1: External Link/Internal Link Item: Media Element 2: Animation Item: Heading 2 Item: Copy Text 2 Item: Link 2: Layer Item: Media Element 3: Animation Item: Heading 3 Item: Copy Text 3 Item: Media Element 1: 180 Degree Element Properties: Tab Media interaction element Switch on: Show media interaction element Label: Media interaction elements right Label: Media interaction elements left Item: Link 3: Download | F72: Yes | G72: Completed | Q72: TA OK | S72: TA OK
A73: One-HUB-SR-36-01 | B73: Showroom Page | C73: S130 USP Section | D73: Validation, that - the Showroom is displayed without S130 USP Section on the publisher. | E73: S130 USP Section Item: Media Element 1: Image Item: Heading 1 Item: Copy Text 1 Item: Link 1: External Link/Internal Link Item: Media Element 2: Animation Item: Heading 2 Item: Copy Text 2 Item: Link 2: Layer Item: Media Element 3: Animation Item: Heading 3 Item: Copy Text 3 Item: Media Element 1: 180 Degree Element Properties: Tab Media interaction element Switch on: Show media interaction element Label: Media interaction elements right Label: Media interaction elements left Item: Link 3: Download | F73: Yes | G73: Completed | K73: TA OK | L73: TA OK | M73: TA OK | N73: TA OK | O73: TA OK | P73: TA OK | Q73: TA OK | S73: TA OK
A74: One-HUB-SR-37-3 | B74: Showroom Page | C74: S138 Scrollytelling | D74: Validation, that - a S138 with its items can be deleted | E74: S138 Scrollytelling Section | F74: Yes | G74: Completed | Q74: TA OK | S74: TA OK
A75: One-HUB-SR-37-4 | B75: Showroom Page | C75: S138 Scrollytelling | D75: Validation that - the Showroom is displayed without S138 Section on the publisher. | E75: S138 Scrollytelling Section | F75: Yes | G75: Completed | K75: TA OK | L75: TA OK | M75: TA OK | N75: TA OK | O75: TA OK | P75: TA OK | Q75: TA OK | S75: TA OK
A76: One-HUB-SR-38-4 | B76: Showroom Page | C76: S137 Content Slider Section | D76: Validation, that - a S137 with its items can be deleted | E76: S137 Content Slider Section | F76: Yes | G76: Completed | Q76: TA OK | S76: TA OK
A77: One-HUB-SR-38-5 | B77: Showroom Page | C77: S137 Content Slider Section | D77: Validation, that - the Showroom is displayed without S137 Section on the publisher. | E77: S137 Content Slider Section | F77: Yes | G77: Completed | K77: TA OK | L77: TA OK | M77: TA OK | N77: TA OK | O77: TA OK | P77: TA OK | Q77: TA OK | S77: TA OK
A78: One-HUB-SR-39 | B78: Accessibility | C78: Accessiblity | D78: Validation, that - all elements are reachable via keyboard - every element is read out by a screenreader | F78: No

Sheet Editorial Page
A1: =Homepage!A1 -> Testexecution Product Release Version: v3.198.276.122 Date Start: 30.06.2026 Date Ende: 06.07.2026 Test
A2: =Homepage!A2 -> Environment: https://ngw-stage.lighthouselabs.io/de/mofa.html
A3: Checkpoint | B3: Template | C3: Section | D3: Test goal (expected result) | E3: Section Items | F3: TA | G3: TA Status | H3: Example | I3: URL Testcontent | J3: Who | K3: iPhone 16 iOs v. 26 Safari/Mobile | L3: iPad iOs v. 26 Safari/Tablet | M3: MacBook Safari v. 12.1.2 | N3: Samsung Galaxy 8 Android v. IE v. 10.1.00.27 Chrome/Mobile | O3: Tablet Android v. Chrome v. 77 Chrome/Tablet | P3: Samsung Galaxy 8 Android Chrome v. 77 Chrome/Mobile | Q3: Chrome v. 84 Chrome/Desktop | R3: Microsoft Edge v. 44 Chrome/ Desktop | S3: FireFox v. 68 | T3: New Jira Ticket | U3: Existing Jira Ticket
A4: One-HUB-EP-01 | B4: Editorial Page | C4: S109 Answers Stage | D4: Validation, that - a S109 with its items can be created - arranges a headline and an image illustration - is saved | E4: S109 Answers Stage Item: Heading Item: I101Copy Item Item: Image Illustration Reading Time | F4: Yes | G4: Completed | Q4: TA OK | S4: TA OK
A5: One-HUB-EP-02 | B5: Editorial Page | C5: S101 Heading Section | D5: Validation, that - a S101 with its items can be created - arranges a headline with a copy item - is saved | E5: S101 Heading Section Item: Heading Item: I101Copy Item | F5: Yes | G5: Completed | Q5: TA OK | S5: TA OK
A6: One-HUB-EP-03 | B6: Editorial Page | C6: S102 Single Column Section | D6: Validation, that - a S102 with its items can be created - arranges a headline and a column for items - Items: I101 copy item; I102 quote item;I103 statement item;I106 media single item ;I126 link list item - is saved | E6: S102 Single Column Section Item: Heading Item: I101Copy Item I102 Quote Item I103 Statement Item I106 Media Single Image Only Item I108 Link List Item | F6: Yes | G6: Completed | Q6: TA OK | S6: TA OK
A7: One-HUB-EP-04 | B7: Editorial Page | C7: S102 Two Columns Section | D7: Validation, that - a S102 with its items can be created - arranges 2 Colums for items - Items: I101 copy item; I102 quote item;I103 statement item;I106 media single item ;I126 link list item - is saved | E7: S102 Two Columns Section I101Copy Item I102 Quote Item I103 Statement Item I106 Media Single Image Only Item I108 Link List Item | F7: Yes | G7: Completed | Q7: TA OK | S7: TA OK
A8: One-HUB-EP-05 | B8: Editorial Page | C8: S103 Copy Inset Media Section | D8: Validation, that - a S103 with its items can be created - arranges a headline, copy item and a media element - is saved | E8: S103 Copy Inset Media Section Item: Heading Item: I101Copy Item Item: Media Element | F8: Yes | G8: Completed | Q8: TA OK | S8: TA OK
A9: One-HUB-EP-06 | B9: Editorial Page | C9: S105 Mood Gallery Section | D9: Validation, that - a S105 with its items can be created - arranges a headline and up to 5 media elements - is saved | E9: S105 Mood Gallery Section Item: Heading Item: Media Element 1 Item: Media Element 2 Item: Media Element 3 | F9: Yes | G9: Completed | Q9: TA OK | S9: TA OK
A10: One-HUB-EP-07 | B10: Editorial Page | C10: S107 Intro Copy Section | D10: Validation, that - a S107 with its items can be created - arranges copy item in a specific layout - is saved | E10: S107 Intro Copy Section Item: I101Copy Item | F10: Yes | G10: Completed | Q10: TA OK | S10: TA OK
A11: One-HUB-EP-08 | B11: Editorial Page | C11: S108 Editorial Teaser Section | D11: Validation, that - a S108 with its items can be created - arranges 3 or 6 teaser elements - is saved | E11: S108 Editorial Teaser Section Item: Heading Editorial Teaser Element 1 Editorial Teaser Element 2 Editorial Teaser Element 3 | F11: Yes | G11: Completed | Q11: TA OK | S11: TA OK
A12: One-HUB-EP-09 | B12: Editorial Page | C12: S116 Section Group | D12: Validation, that - a S116 with its items can be created - arranges a headline and several sections - is saved | E12: S116 Section Group S102 Single Column Section Item: Heading I101Copy Item I102 Quote Item I103 Statement Item I106 Media Single Image Only Item I108 Link List Item | F12: Yes | G12: Completed | Q12: TA OK | S12: TA OK
A13: One-HUB-EP-10 | B13: Editorial Page | C13: S117 Accordion Section | D13: Validation, that - a S117 with its items can be created - arranges a list of I117 accordion itemsg - is saved | E13: S117 Accordion Section Item: Heading Richtext Simple Element Richtext Full Element | F13: Yes | G13: Completed | Q13: TA OK | S13: TA OK
A14: One-HUB-EP-11 | B14: Editorial Page | C14: S118 Countdown section | D14: Validation, that - a S118 with its items can be created - the countdown section consists of two states: a countdown module and prebooking teaser (after the countdown is finished) - the countdown element arranges a background image, headline, copy-text, countdown, CTA button - the pre-booking element arranges a background image, headline, richtext simple, icon bullet points with icons and CTA button - is saved | E14: Countdown Element Item: Heading I101Copy Item CTA Button Item: Image Countdown element: date Pre-Booking Element Item: Heading Item: Richtext Simple Icon Bullet Point Element 1: with CAR_FRONT Icon Icon Bullet Point Element 2: with CONTACT_DEALER Icon Icon Bullet Point Element 3: with DOWNLOAD Icon Icon Bullet Point Element 4: with MAIL Icon Icon Bullet Point Element 5: with CALENDAR Icon Icon Bullet Point Element 6: with BROCHURE Icon CTA Button Item: Image | F14: Yes | G14: Completed | Q14: TA OK | S14: TA OK
A15: One-HUB-EP-12 | B15: Editorial Page | C15: S119 Newsletter Signup Section | D15: Validation, that - a S119 with its items can be created - arranges a headline, a copy item and a CTA Button which provides a link to a newsletter signup form - is saved | E15: S119 Newsletter Signup Section Item: Heading Item: I101Copy Item | F15: Yes | G15: Completed | Q15: TA OK | S15: TA OK
A16: One-HUB-EP-13 | B16: Editorial Page | C16: S109 Answers Stage | D16: Validation, that - a S109 with its items can be modified - arranges a headline and an image illustration | E16: S109 Answers Stage Item: Heading Item: I101Copy Item Item: Image Illustration Reading Time | F16: Yes | G16: Completed | Q16: TA OK | S16: TA OK
A17: One-HUB-EP-13-01 | B17: Editorial Page | C17: S109 Answers Stage | D17: Validation, that - the S109 Answers Stage is displayed on the publisher | E17: S109 Answers Stage Item: Heading Item: I101Copy Item Item: Image Illustration Reading Time | F17: Yes | G17: Completed | J17: TA OK | K17: TA OK | L17: TA OK | M17: TA OK | N17: TA OK | O17: TA OK | P17: TA OK | Q17: TA OK | R17: TA OK | S17: TA OK
A18: One-HUB-EP-14 | B18: Editorial Page | C18: S101 Heading Section | D18: Validation, that - a S101 with its items can be modified - arranges a headline with a copy item | E18: S101 Heading Section Item: Heading Item: I101Copy Item | F18: Yes | G18: Completed | Q18: TA OK | S18: TA OK
A19: One-HUB-EP-14-01 | B19: Editorial Page | C19: S101 Heading Section | D19: Validation, that - the S101 Heading Section is displayed on the publisher | E19: S101 Heading Section Item: Heading Item: I101Copy Item | F19: Yes | G19: Completed | J19: TA OK | K19: TA OK | L19: TA OK | M19: TA OK | N19: TA OK | O19: TA OK | P19: TA OK | Q19: TA OK | S19: TA OK
A20: One-HUB-EP-15 | B20: Editorial Page | C20: S102 Single Column Section | D20: Validation, that - a S102 with its items can be modified - arranges a headline and a column for items - Items: I101 copy item; I102 quote item;I103 statement item;I106 media single item ;I126 link list item | E20: S102 Single Column Section Item: Heading Item: I101Copy Item I102 Quote Item I103 Statement Item I106 Media Single Image Only Item I108 Link List Item | F20: Yes | G20: Completed | Q20: TA OK | S20: TA OK
A21: One-HUB-EP-15-01 | B21: Editorial Page | C21: S102 Single Column Section | D21: Validation, that - the S102 Single Column Sectionis displayed on the publisher | E21: S102 Single Column Section Item: Heading Item: I101Copy Item I102 Quote Item I103 Statement Item I106 Media Single Image Only Item I108 Link List Item | F21: Yes | G21: Completed | J21: TA OK | K21: TA OK | L21: TA OK | M21: TA OK | N21: TA OK | O21: TA OK | P21: TA OK | Q21: TA OK | S21: TA OK
A22: One-HUB-EP-16 | B22: Editorial Page | C22: S102 Two Columns Section | D22: Validation, that - a S102 with its items can be modified - arranges 2 Colums for items - Items: I101 copy item; I102 quote item;I103 statement item;I106 media single item ;I126 link list item | E22: S102 Two Columns Section I101Copy Item I102 Quote Item I103 Statement Item I106 Media Single Image Only Item I108 Link List Item | F22: Yes | G22: Completed | Q22: TA OK | S22: TA OK
A23: One-HUB-EP-16-01 | B23: Editorial Page | C23: S102 Two Columns Section | D23: Validation, that - the S102 Two Columns Section displayed on the publisher | E23: S102 Two Columns Section I101Copy Item I102 Quote Item I103 Statement Item I106 Media Single Image Only Item I108 Link List Item | F23: Yes | G23: Completed | J23: TA OK | K23: TA OK | L23: TA OK | M23: TA OK | N23: TA OK | O23: TA OK | P23: TA OK | Q23: TA OK | S23: TA OK
A24: One-HUB-EP-17 | B24: Editorial Page | C24: S103 Copy Inset Media Section | D24: Validation, that - a S103 with its items can be modified - arranges a headline, copy item and a media element | E24: S103 Copy Inset Media Section Item: Heading Item: I101Copy Item Item: Media Element | F24: Yes | G24: Completed | Q24: TA OK | S24: TA OK
A25: One-HUB-EP-17-01 | B25: Editorial Page | C25: S103 Copy Inset Media Section | D25: Validation, that - the S103 Copy Inset Media Section displayed on the publisher | E25: S103 Copy Inset Media Section Item: Heading Item: I101Copy Item Item: Media Element | F25: Yes | G25: Completed | J25: TA OK | K25: TA OK | L25: TA OK | M25: TA OK | N25: TA OK | O25: TA OK | P25: TA OK | Q25: TA OK | S25: TA OK
A26: One-HUB-EP-18 | B26: Editorial Page | C26: S105 Mood Gallery Section | D26: Validation, that - a S105 with its items can be modified - arranges a headline and up to 5 media elements | E26: S105 Mood Gallery Section Item: Heading Item: Media Element 1 Item: Media Element 2 Item: Media Element 3 | F26: Yes | G26: Completed | Q26: TA OK | S26: TA OK
A27: One-HUB-EP-18-01 | B27: Editorial Page | C27: S105 Mood Gallery Section | D27: Validation, that - the S105 Mood Gallery Section displayed on the publisher | E27: S105 Mood Gallery Section Item: Heading Item: Media Element 1 Item: Media Element 2 Item: Media Element 3 | F27: Yes | G27: Completed | J27: TA OK | K27: TA OK | L27: TA OK | M27: TA OK | N27: TA OK | O27: TA OK | P27: TA OK | Q27: TA OK | S27: TA OK
A28: One-HUB-EP-19 | B28: Editorial Page | C28: S107 Intro Copy Section | D28: Validation, that - a S107 with its items can be modified - arranges copy item in a specific layout | E28: S107 Intro Copy Section Item: I101Copy Item | F28: Yes | G28: Completed | Q28: TA OK | S28: TA OK
A29: One-HUB-EP-19-01 | B29: Editorial Page | C29: S107 Intro Copy Section | D29: Validation, that - the S107 Intro Copy Section displayed on the publisher | E29: S107 Intro Copy Section Item: I101Copy Item | F29: Yes | G29: Completed | J29: TA OK | K29: TA OK | L29: TA OK | M29: TA OK | N29: TA OK | O29: TA OK | P29: TA OK | Q29: TA OK | S29: TA OK
A30: One-HUB-EP-20 | B30: Editorial Page | C30: S108 Editorial Teaser Section | D30: Validation, that - a S108 with its items can be modified - arranges 3 or 6 teaser elements | E30: S108 Editorial Teaser Section Item: Heading Editorial Teaser Element 1 Editorial Teaser Element 2 Editorial Teaser Element 3 | F30: Yes | G30: Completed | Q30: TA OK | S30: TA OK
A31: One-HUB-EP-20-01 | B31: Editorial Page | C31: S108 Editorial Teaser Section | D31: Validation, that - the S108 Editorial Teaser Section displayed on the publisher | E31: S108 Editorial Teaser Section Item: Heading Editorial Teaser Element 1 Editorial Teaser Element 2 Editorial Teaser Element 3 | F31: Yes | G31: Completed | J31: TA OK | K31: TA OK | L31: TA OK | M31: TA OK | N31: TA OK | O31: TA OK | P31: TA OK | Q31: TA OK | S31: TA OK
A32: One-HUB-EP-21 | B32: Editorial Page | C32: S116 Section Group | D32: Validation, that - a S116 with its items can be modified - arranges a headline and several sections | E32: S116 Section Group S102 Single Column Section Item: Heading I101Copy Item I102 Quote Item I103 Statement Item I106 Media Single Image Only Item I108 Link List Item | F32: Yes | G32: Completed | Q32: TA OK | S32: TA OK
A33: One-HUB-EP-21-01 | B33: Editorial Page | C33: S116 Section Group | D33: Validation, that - the S116 Section Group in displayed on the publisher | E33: S116 Section Group S102 Single Column Section Item: Heading I101Copy Item I102 Quote Item I103 Statement Item I106 Media Single Image Only Item I108 Link List Item | F33: Yes | G33: Completed | J33: TA OK | K33: TA OK | L33: TA OK | M33: TA OK | N33: TA OK | O33: TA OK | P33: TA OK | Q33: TA OK | S33: TA OK
A34: One-HUB-EP-22 | B34: Editorial Page | C34: S117 Accordion Section | D34: Validation, that - a S117 with its items can be modified - arranges a list of I117 accordion items | E34: S117 Accordion Section Item: Heading Richtext Simple Element Richtext Full Element | F34: Yes | G34: Completed | Q34: TA OK | S34: TA OK
A35: One-HUB-EP-22-01 | B35: Editorial Page | C35: S117 Accordion Section | D35: Validation, that - the S117 Accordion Section is displayed on the publisher | E35: S117 Accordion Section Item: Heading Richtext Simple Element Richtext Full Element | F35: Yes | G35: Completed | J35: TA OK | K35: TA OK | L35: TA OK | M35: TA OK | N35: TA OK | O35: TA OK | P35: TA OK | Q35: TA OK | S35: TA OK
A36: One-HUB-EP-23 | B36: Editorial Page | C36: S118 Countdown section | D36: Validation, that - a S118 with its items can be modified - the countdown section consists of two states: a countdown module and prebooking teaser (after the countdown is finished) - the countdown element arranges a background image, headline, copy-text, countdown, CTA button - the pre-booking element arranges a background image, headline, richtext simple, icon bullet points with icons and CTA button | E36: Countdown Element Item: Heading I101Copy Item CTA Button Item: Image Countdown element: date Pre-Booking Element Item: Heading Item: Richtext Simple Icon Bullet Point Element 1: with CAR_FRONT Icon Icon Bullet Point Element 2: with CONTACT_DEALER Icon Icon Bullet Point Element 3: with DOWNLOAD Icon Icon Bullet Point Element 4: with MAIL Icon Icon Bullet Point Element 5: with CALENDAR Icon Icon Bullet Point Element 6: with BROCHURE Icon CTA Button Item: Image | F36: Yes | G36: Completed | Q36: TA OK | S36: TA OK
A37: One-HUB-EP-23-01 | B37: Editorial Page | C37: S118 Countdown section | D37: Validation, that - a S118 with its items can be created - the countdown section consists of two states: a countdown module and prebooking teaser (after the countdown is finished) - the countdown element arranges a background image, headline, copy-text, countdown, CTA button - the pre-booking element arranges a background image, headline, richtext simple, icon bullet points with icons and CTA button - is saved | E37: Countdown Element Item: Heading I101Copy Item CTA Button Item: Image Countdown element: date Pre-Booking Element Item: Heading Item: Richtext Simple Icon Bullet Point Element 1: with CAR_FRONT Icon Icon Bullet Point Element 2: with CONTACT_DEALER Icon Icon Bullet Point Element 3: with DOWNLOAD Icon Icon Bullet Point Element 4: with MAIL Icon Icon Bullet Point Element 5: with CALENDAR Icon Icon Bullet Point Element 6: with BROCHURE Icon CTA Button Item: Image | F37: Yes | G37: Completed | J37: TA OK | K37: TA OK | L37: TA OK | M37: TA OK | N37: TA OK | O37: TA OK | P37: TA OK | Q37: TA OK | S37: TA OK
A38: One-HUB-EP-24 | B38: Editorial Page | C38: S119 Newsletter Signup Section | D38: Validation, that - a S119 with its items can be modified - arranges a headline, a copy item and a CTA Button which provides a link to a newsletter signup form | E38: S119 Newsletter Signup Section Item: Heading Item: I101Copy Item | F38: Yes | G38: Completed | Q38: TA OK | S38: TA OK
A39: One-HUB-EP-24-01 | B39: Editorial Page | C39: S119 Newsletter Signup Section | D39: Validation, that - the S119 Newsletter Signup Section is displayed on the publisher | E39: S119 Newsletter Signup Section Item: Heading Item: I101Copy Item | F39: Yes | G39: Completed | J39: TA OK | K39: TA OK | L39: TA OK | M39: TA OK | N39: TA OK | O39: TA OK | P39: TA OK | Q39: TA OK | S39: TA OK
A40: One-HUB-EP-25 | B40: Editorial Page | C40: S109 Answers Stage | D40: Validation, that - a S109 with its items can be deleted - arranges a headline and an image illustration | E40: S109 Answers Stage Item: Heading Item: I101Copy Item Item: Image Illustration Reading Time | F40: Yes | G40: Completed | Q40: TA OK | S40: TA OK
A41: One-HUB-EP-25-01 | B41: Editorial Page | C41: S109 Answers Stage | D41: Validation, that - the Editorial Page is displayed without S109 Answers Stage on the publisher | E41: S109 Answers Stage Item: Heading Item: I101Copy Item Item: Image Illustration Reading Time | F41: Yes | G41: Completed | J41: TA OK | K41: TA OK | L41: TA OK | M41: TA OK | N41: TA OK | O41: TA OK | P41: TA OK | Q41: TA OK | S41: TA OK
A42: One-HUB-EP-26 | B42: Editorial Page | C42: S101 Heading Section | D42: Validation, that - a S101 with its items can be deleted - arranges a headline with a copy item | E42: S101 Heading Section Item: Heading Item: I101Copy Item | F42: Yes | G42: Completed | Q42: TA OK | S42: TA OK
A43: One-HUB-EP-26-01 | B43: Editorial Page | C43: S101 Heading Section | D43: Validation, that - the Editorial Page is displayed without S101 Heading Section on the publisher | E43: S101 Heading Section Item: Heading Item: I101Copy Item | F43: Yes | G43: Completed | J43: TA OK | K43: TA OK | L43: TA OK | M43: TA OK | N43: TA OK | O43: TA OK | P43: TA OK | Q43: TA OK | S43: TA OK
A44: One-HUB-EP-27 | B44: Editorial Page | C44: S102 Single Column Section | D44: Validation, that - a S102 with its items can be deleted - arranges a headline and a column for items - Items: I101 copy item; I102 quote item;I103 statement item;I106 media single item ;I126 link list item | E44: S102 Single Column Section Item: Heading Item: I101Copy Item I102 Quote Item I103 Statement Item I106 Media Single Image Only Item I108 Link List Item | F44: Yes | G44: Completed | Q44: TA OK | S44: TA OK
A45: One-HUB-EP-27-01 | B45: Editorial Page | C45: S102 Single Column Section | D45: Validation, that - the Editorial Page is displayed without S102 Single Column Section on the publisher | E45: S102 Single Column Section Item: Heading Item: I101Copy Item I102 Quote Item I103 Statement Item I106 Media Single Image Only Item I108 Link List Item | F45: Yes | G45: Completed | J45: TA OK | K45: TA OK | L45: TA OK | M45: TA OK | N45: TA OK | O45: TA OK | P45: TA OK | Q45: TA OK | S45: TA OK
A46: One-HUB-EP-28 | B46: Editorial Page | C46: S102 Two Columns Section | D46: Validation, that - a S102 with its items can be deleted - arranges 2 Colums for items - Items: I101 copy item; I102 quote item;I103 statement item;I106 media single item ;I126 link list item | E46: S102 Two Columns Section I101Copy Item I102 Quote Item I103 Statement Item I106 Media Single Image Only Item I108 Link List Item | F46: Yes | G46: Completed | Q46: TA OK | S46: TA OK
A47: One-HUB-EP-28-01 | B47: Editorial Page | C47: S102 Two Columns Section | D47: Validation, that - the Editorial Page is displayed without S102 Two Columns Section on the publisher | E47: S102 Two Columns Section I101Copy Item I102 Quote Item I103 Statement Item I106 Media Single Image Only Item I108 Link List Item | F47: Yes | G47: Completed | J47: TA OK | K47: TA OK | L47: TA OK | M47: TA OK | N47: TA OK | O47: TA OK | P47: TA OK | Q47: TA OK | S47: TA OK
A48: One-HUB-EP-29 | B48: Editorial Page | C48: S103 Copy Inset Media Section | D48: Validation, that - a S103 with its items can be deleted - arranges a headline, copy item and a media element | E48: S103 Copy Inset Media Section Item: Heading Item: I101Copy Item Item: Media Element | F48: Yes | G48: Completed | Q48: TA OK | S48: TA OK
A49: One-HUB-EP-29-01 | B49: Editorial Page | C49: S103 Copy Inset Media Section | D49: Validation, that - the Editorial Page is displayed without S103 Copy Inset Media Section on the publisher | E49: S103 Copy Inset Media Section Item: Heading Item: I101Copy Item Item: Media Element | F49: Yes | G49: Completed | J49: TA OK | K49: TA OK | L49: TA OK | M49: TA OK | N49: TA OK | O49: TA OK | P49: TA OK | Q49: TA OK | S49: TA OK
A50: One-HUB-EP-30 | B50: Editorial Page | C50: S105 Mood Gallery Section | D50: Validation, that - a S105 with its items can be deleted - arranges a headline and up to 5 media elements | E50: S105 Mood Gallery Section Item: Heading Item: Media Element 1 Item: Media Element 2 Item: Media Element 3 | F50: Yes | G50: Completed | Q50: TA OK | S50: TA OK
A51: One-HUB-EP-30-01 | B51: Editorial Page | C51: S105 Mood Gallery Section | D51: Validation, that - the Editorial Page is displayed without S105 Mood Gallery Section on the publisher | E51: S105 Mood Gallery Section Item: Heading Item: Media Element 1 Item: Media Element 2 Item: Media Element 3 | F51: Yes | G51: Completed | J51: TA OK | K51: TA OK | L51: TA OK | M51: TA OK | N51: TA OK | O51: TA OK | P51: TA OK | Q51: TA OK | S51: TA OK
A52: One-HUB-EP-31 | B52: Editorial Page | C52: S107 Intro Copy Section | D52: Validation, that - a S107 with its items can be deleted - arranges copy item in a specific layout | E52: S107 Intro Copy Section Item: I101Copy Item | F52: Yes | G52: Completed | Q52: TA OK | S52: TA OK
A53: One-HUB-EP-31-01 | B53: Editorial Page | C53: S107 Intro Copy Section | D53: Validation, that - the Editorial Page is displayed without S107 Intro Copy Section on the publisher | E53: S107 Intro Copy Section Item: I101Copy Item | F53: Yes | G53: Completed | J53: TA OK | K53: TA OK | L53: TA OK | M53: TA OK | N53: TA OK | O53: TA OK | P53: TA OK | Q53: TA OK | S53: TA OK
A54: One-HUB-EP-32 | B54: Editorial Page | C54: S108 Editorial Teaser Section | D54: Validation, that - a S108 with its items can be deleted - arranges 3 or 6 teaser elements | E54: S108 Editorial Teaser Section Item: Heading Editorial Teaser Element 1 Editorial Teaser Element 2 Editorial Teaser Element 3 | F54: Yes | G54: Completed | Q54: TA OK | S54: TA OK
A55: One-HUB-EP-32-01 | B55: Editorial Page | C55: S108 Editorial Teaser Section | D55: Validation, that - the Editorial Page is displayed without S108 Editorial Teaser Section on the publisher | E55: S108 Editorial Teaser Section Item: Heading Editorial Teaser Element 1 Editorial Teaser Element 2 Editorial Teaser Element 3 | F55: Yes | G55: Completed | J55: TA OK | K55: TA OK | L55: TA OK | M55: TA OK | N55: TA OK | O55: TA OK | P55: TA OK | Q55: TA OK | S55: TA OK
A56: One-HUB-EP-33 | B56: Editorial Page | C56: S116 Section Group | D56: Validation, that - a S116 with its items can be deleted - arranges a headline and several sections | E56: S116 Section Group S102 Single Column Section Item: Heading I101Copy Item I102 Quote Item I103 Statement Item I106 Media Single Image Only Item I108 Link List Item | F56: Yes | G56: Completed | Q56: TA OK | S56: TA OK
A57: One-HUB-EP-33-01 | B57: Editorial Page | C57: S116 Section Group | D57: Validation, that - the Editorial Page is displayed without S116 Section Group on the publisher | E57: S116 Section Group S102 Single Column Section Item: Heading I101Copy Item I102 Quote Item I103 Statement Item I106 Media Single Image Only Item I108 Link List Item | F57: Yes | G57: Completed | J57: TA OK | K57: TA OK | L57: TA OK | M57: TA OK | N57: TA OK | O57: TA OK | P57: TA OK | Q57: TA OK | S57: TA OK
A58: One-HUB-EP-34 | B58: Editorial Page | C58: S117 Accordion Section | D58: Validation, that - a S117 with its items can be deleted - arranges a list of I117 accordion items | E58: S117 Accordion Section Item: Heading Richtext Simple Element Richtext Full Element | F58: Yes | G58: Completed | Q58: TA OK | S58: TA OK
A59: One-HUB-EP-34-01 | B59: Editorial Page | C59: S117 Accordion Section | D59: Validation, that - the Editorial Page is displayed without S117 Accordion Section on the publisher | E59: S117 Accordion Section Item: Heading Richtext Simple Element Richtext Full Element | F59: Yes | G59: Completed | J59: TA OK | K59: TA OK | L59: TA OK | M59: TA OK | N59: TA OK | O59: TA OK | P59: TA OK | Q59: TA OK | S59: TA OK
A60: One-HUB-EP-35 | B60: Editorial Page | C60: S118 Countdown section | D60: Validation, that - a S118 with its items can be deleted - the countdown section consists of two states: a countdown module and prebooking teaser (after the countdown is finished) - the countdown element arranges a background image, headline, copy-text, countdown, CTA button - the pre-booking element arranges a background image, headline, richtext simple, icon bullet points with icons and CTA button | E60: Countdown Element Item: Heading I101Copy Item CTA Button Item: Image Countdown element: date Pre-Booking Element Item: Heading Item: Richtext Simple Icon Bullet Point Element 1: with CAR_FRONT Icon Icon Bullet Point Element 2: with CONTACT_DEALER Icon Icon Bullet Point Element 3: with DOWNLOAD Icon Icon Bullet Point Element 4: with MAIL Icon Icon Bullet Point Element 5: with CALENDAR Icon Icon Bullet Point Element 6: with BROCHURE Icon CTA Button Item: Image | F60: Yes | G60: Completed | Q60: TA OK | S60: TA OK
A61: One-HUB-EP-35-01 | B61: Editorial Page | C61: S118 Countdown section | D61: Validation, that - the Editorial Page is displayed without S118 Countdown section on the publisher | E61: Countdown Element Item: Heading I101Copy Item CTA Button Item: Image Countdown element: date Pre-Booking Element Item: Heading Item: Richtext Simple Icon Bullet Point Element 1: with CAR_FRONT Icon Icon Bullet Point Element 2: with CONTACT_DEALER Icon Icon Bullet Point Element 3: with DOWNLOAD Icon Icon Bullet Point Element 4: with MAIL Icon Icon Bullet Point Element 5: with CALENDAR Icon Icon Bullet Point Element 6: with BROCHURE Icon CTA Button Item: Image | F61: Yes | G61: Completed | J61: TA OK | K61: TA OK | L61: TA OK | M61: TA OK | N61: TA OK | O61: TA OK | P61: TA OK | Q61: TA OK | S61: TA OK
A62: One-HUB-EP-36 | B62: Editorial Page | C62: S119 Newsletter Signup Section | D62: Validation, that - a S119 with its items can be deleted - arranges a headline, a copy item and a CTA Button which provides a link to a newsletter signup form | E62: S119 Newsletter Signup Section Item: Heading Item: I101Copy Item | F62: Yes | G62: Completed | Q62: TA OK | S62: TA OK
A63: One-HUB-EP-36-01 | B63: Editorial Page | C63: S119 Newsletter Signup Section | D63: Validation, that - the Editorial Page is displayed without S119 Newsletter Signup Section on the publisher | E63: S119 Newsletter Signup Section Item: Heading Item: I101Copy Item | F63: Yes | G63: Completed | J63: TA OK | K63: TA OK | L63: TA OK | M63: TA OK | N63: TA OK | O63: TA OK | P63: TA OK | Q63: TA OK | S63: TA OK
A64: One-HUB-EP-37 | B64: Accessibility | C64: Accessiblity | D64: Validation, that - all elements are reachable via keyboard - every element is read out by a screenreader | F64: No

Sheet Model Overview Page
A1: =Homepage!A1 -> Testexecution Product Release Version: v3.198.276.122 Date Start: 30.06.2026 Date Ende: 06.07.2026 Test
A2: =Homepage!A2 -> Environment: https://ngw-stage.lighthouselabs.io/de/mofa.html
A3: Checkpoint | B3: Template | C3: Section | D3: Test goal (expected result) | E3: Section Items | F3: TA | G3: TA Status | H3: Example | I3: URL Testcontent | J3: Who | K3: iPhone 16 iOs v. 26 Safari/Mobile | L3: iPad iOs v. 26 Safari/Tablet | M3: MacBook Safari v. 12.1.2 | N3: Samsung Galaxy 8 Android v. IE v. 10.1.00.27 Chrome/Mobile | O3: Tablet Android v. Chrome v. 77 Chrome/Tablet | P3: Samsung Galaxy 8 Android Chrome v. 77 Chrome/Mobile | Q3: Chrome v. 84 Chrome/Desktop | R3: Microsoft Edge v. 44 Chrome/ Desktop | S3: FireFox v. 68 | T3: New Jira Ticket | U3: Existing Jira Ticket
A4: One-HUB-MOP-01 | B4: Model Overview Page | C4: S122 Feature App Section | D4: Validation, that - a S122 with its items can be created - arranges upcoming feature apps - is displayed on the publisher. | E4: S122 Feature App Section Feature App: Mofa | F4: NO

Sheet Feature App Page
A1: =Homepage!A1 -> Testexecution Product Release Version: v3.198.276.122 Date Start: 30.06.2026 Date Ende: 06.07.2026 Test
A2: =Homepage!A2 -> Environment: https://ngw-stage.lighthouselabs.io/de/mofa.html
A3: Checkpoint | B3: Template | C3: Section | D3: Test goal (expected result) | E3: Section Items | F3: TA | G3: TA Status | H3: Example | I3: URL Testcontent | J3: Who | K3: iPhone 16 iOs v. 26 Safari/Mobile | L3: iPad iOs v. 26 Safari/Tablet | M3: MacBook Safari v. 12.1.2 | N3: Samsung Galaxy 8 Android v. IE v. 10.1.00.27 Chrome/Mobile | O3: Tablet Android v. Chrome v. 77 Chrome/Tablet | P3: Samsung Galaxy 8 Android Chrome v. 77 Chrome/Mobile | Q3: Chrome v. 84 Chrome/Desktop | R3: Microsoft Edge v. 44 Chrome/ Desktop | S3: FireFox v. 68 | T3: New Jira Ticket | U3: Existing Jira Ticket
A4: One-HUB-FAP-01 | B4: Feature App Page | C4: Feature App Page | D4: Validation, that - a Feature App Page can be created under Model Overview Page | E4: Feature App Page | F4: Yes | G4: completed
A5: One-HUB-FAP-02 | B5: Feature App Page | C5: S122 Feature App Section | D5: Validation, that - a S122 with its items can be created - arranges upcoming feature apps | E5: S122 Feature App Section Feature App: Mofa | F5: Yes | G5: completed
A6: One-HUB-FAP-03 | B6: Feature App Page | C6: S122 Feature App Section | D6: Validation, that - a S122 with ist items are displayed on publisher side | E6: S122 Feature App Section Feature App: Mofa | F6: Yes | G6: completed

Sheet DAM
A1: =Homepage!A1 -> Testexecution Product Release Version: v3.198.276.122 Date Start: 30.06.2026 Date Ende: 06.07.2026 Test
A2: =Homepage!A2 -> Environment: https://ngw-stage.lighthouselabs.io/de/mofa.html
A3: Checkpoint | B3: Template | C3: Section | D3: Test goal (expected result) | E3: Section Items | F3: TA | G3: TA Status | H3: Example | I3: URL Testcontent | J3: Who | K3: iPhone 16 iOs v. 26 Safari/Mobile | L3: iPad iOs v. 26 Safari/Tablet | M3: MacBook Safari v. 12.1.2 | N3: Samsung Galaxy 8 Android v. IE v. 10.1.00.27 Chrome/Mobile | O3: Tablet Android v. Chrome v. 77 Chrome/Tablet | P3: Samsung Galaxy 8 Android Chrome v. 77 Chrome/Mobile | Q3: Chrome v. 84 Chrome/Desktop | R3: Microsoft Edge v. 44 Chrome/ Desktop | S3: FireFox v. 68 | T3: New Jira Ticket | U3: Existing Jira Ticket
A4: ONE-HUB-DAM-01 | B4: Upload Image | C4: .jpg | D4: Validation, that - a .jpg file can be uploaded to DAM (Scene 7) - a .jpg file can be use in the Site at the Section - a .jpg file unpublished can be seen in author node (in View as Publish) - Image appears in publish | F4: No
A5: ONE-HUB-DAM-02 | B5: Upload Image | C5: .png | D5: Validation, that - a .png file can be uploaded to DAM (Scene 7) - a .png file can be use in the Site at the Section - a .png file unpublished can be seen in author node (in View as Publish) - Image appears in publish | F5: No
A6: ONE-HUB-DAM-03 | B6: Upload Image | C6: .mp4 | D6: Validation, that - a .mp4 file can be uploaded to DAM (Scene 7) - a .mp4 file can be use in the Site at the Section - a .mpa file unpublished can be seen in author node (in View as Publish) - Video/Animation appears in publish | F6: No
A7: ONE-HUB-DAM-04 | B7: Upload Image | C7: .pdf | D7: Validation, that - a .pdf file can be uploaded to DAM (Scene 7) - a .pdf file can be use in the Site at the Section - pdf file can be download bevor publish in author node - pdf file can be download in publish | F7: No

Sheet Error Page
A1: =Homepage!A1 -> Testexecution Product Release Version: v3.198.276.122 Date Start: 30.06.2026 Date Ende: 06.07.2026 Test
A2: =Homepage!A2 -> Environment: https://ngw-stage.lighthouselabs.io/de/mofa.html
A3: Checkpoint | B3: Template | C3: Section | D3: Test goal (expected result) | E3: Section Items | F3: TA | G3: TA Status | H3: Example | I3: URL Testcontent | J3: Who | K3: iPhone 16 iOs v. 26 Safari/Mobile | L3: iPad iOs v. 26 Safari/Tablet | M3: MacBook Safari v. 12.1.2 | N3: Samsung Galaxy 8 Android v. IE v. 10.1.00.27 Chrome/Mobile | O3: Tablet Android v. Chrome v. 77 Chrome/Tablet | P3: Samsung Galaxy 8 Android Chrome v. 77 Chrome/Mobile | Q3: Chrome v. 84 Chrome/Desktop | R3: Microsoft Edge v. 44 Chrome/ Desktop | S3: FireFox v. 68 | T3: New Jira Ticket | U3: Existing Jira Ticket
A4: One-HUB-ERP-01 | B4: Error Page | C4: S101 Heading Section | D4: Validation, that - a S101 with its items can be created - arranges a headline with a copy item - is displayed on the publisher | E4: S101 Heading Section Item: Heading Item: I101Copy Item | F4: Yes | G4: Completed | Q4: TA OK | S4: TA OK
A5: One-HUB-ERP-02 | B5: Error Page | C5: S102 Single Column Section | D5: Validation, that - a S102 with its items can be created - arranges a heading, a copy Item and Media Single Image Only Item - is displayed on the publisher | E5: S102 Single Column Section Item: Heading I101 Copy Item I106 Media Single Image Only Item | F5: Yes | G5: Completed | Q5: TA OK | S5: TA OK
A6: One-HUB-ERP-03 | B6: Error Page | C6: S102 Two Columns Section | D6: Validation, that - a S102 with its items can be created - arranges a heading, a copy Item and Media Single Image Only Item - is displayed on the publisher | E6: S102 Two Columns Section Item: Heading I101 Copy Item I106 Media Single Image Only Item | F6: Yes | G6: Completed | Q6: TA OK | S6: TA OK
A7: One-HUB-ERP-04 | B7: Error Page | C7: S101 Heading Section | D7: Validation, that - a S101 with its items can be modified - arranges a headline with a copy item - is displayed on the publisher | E7: S101 Heading Section Item: Heading Item: I101Copy Item | F7: Yes | G7: Completed | Q7: TA OK | S7: TA OK
A8: One-HUB-ERP-05 | B8: Error Page | C8: S102 Single Column Section | D8: Validation, that - a S102 with its items can be modified - arranges a heading, a copy Item and Media Single Image Only Item - is displayed on the publisher | E8: S102 Single Column Section Item: Heading I101 Copy Item I106 Media Single Image Only Item | F8: Yes | G8: Completed | Q8: TA OK | S8: TA OK
A9: One-HUB-ERP-06 | B9: Error Page | C9: S102 Two Columns Section | D9: Validation, that - a S102 with its items can be modified - arranges a heading, a copy Item and Media Single Image Only Item - is displayed on the publisher | E9: S102 Two Columns Section Item: Heading I101 Copy Item I106 Media Single Image Only Item | F9: Yes | G9: Completed | Q9: TA OK | S9: TA OK
A10: One-HUB-ERP-07 | B10: Error Page | C10: S101 Heading Section | D10: Validation, that - a S101 with its items can be deleted - arranges a headline with a copy item - is displayed on the publisher | E10: S101 Heading Section Item: Heading Item: I101Copy Item | F10: Yes | G10: Completed | Q10: TA OK | S10: TA OK
A11: One-HUB-ERP-08 | B11: Error Page | C11: S102 Single Column Section | D11: Validation, that - a S102 with its items can be deleted - arranges a heading, a copy Item and Media Single Image Only Item - is displayed on the publisher | E11: S102 Single Column Section Item: Heading I101 Copy Item I106 Media Single Image Only Item | F11: Yes | G11: Completed | Q11: TA OK | S11: TA OK
A12: One-HUB-ERP-09 | B12: Error Page | C12: S102 Two Columns Section | D12: Validation, that - a S102 with its items can be deleted - arranges a heading, a copy Item and Media Single Image Only Item - is displayed on the publisher | E12: S102 Two Columns Section Item: Heading I101 Copy Item I106 Media Single Image Only Item | F12: Yes | G12: Completed | Q12: TA OK | S12: TA OK
A13: One-HUB-ERP-10 | B13: Accessiblity | C13: Accessiblity | D13: Validation, that - all elements are reachable via keyboard - every element is read out by a screenreader | F13: No

Sheet XFs
A1: =Homepage!A1 -> Testexecution Product Release Version: v3.198.276.122 Date Start: 30.06.2026 Date Ende: 06.07.2026 Test
A2: =Homepage!A2 -> Environment: https://ngw-stage.lighthouselabs.io/de/mofa.html
A3: Checkpoint | B3: Template | C3: Section | D3: Test goal (expected result) | E3: Section Items | F3: TA | G3: TA Status | H3: Example | I3: URL Testcontent | J3: Who | K3: iPhone 16 iOs v. 26 Safari/Mobile | L3: iPad iOs v. 26 Safari/Tablet | M3: MacBook Safari v. 12.1.2 | N3: Samsung Galaxy 8 Android v. IE v. 10.1.00.27 Chrome/Mobile | O3: Tablet Android v. Chrome v. 77 Chrome/Tablet | P3: Samsung Galaxy 8 Android Chrome v. 77 Chrome/Mobile | Q3: Chrome v. 84 Chrome/Desktop | R3: Microsoft Edge v. 44 Chrome/ Desktop | S3: FireFox v. 68 | T3: New Jira Ticket | U3: Existing Jira Ticket
A4: ONE-HUB-XF-01 | B4: Disclaimers | C4: Type 1. Global | D4: Validation, that - a global Disclaimer can be created | F4: Yes | G4: Completed | K4: TA OK | L4: TA OK | O4: TA OK | P4: TA OK | Q4: TA OK | S4: TA OK
A5: ONE-HUB-XF-02 | B5: Disclaimers | C5: Type 1. Global | D5: Validation, that - a global Disclaimer can be set on a page - appears in the footer of every page, no reference number displayed | F5: No
A6: ONE-HUB-XF-03 | B6: Disclaimers | C6: Type 2. Page-Based | D6: Validation, that - a page based Disclaimer can be created | F6: Yes | G6: Completed | K6: TA OK | L6: TA OK | O6: TA OK | P6: TA OK | Q6: TA OK | S6: TA OK
A7: ONE-HUB-XF-04 | B7: Disclaimers | C7: Type 2. Page-Based | D7: Validation, that - a page based Disclaimer can be set on a page - appears in the footer, have reference number | F7: No
A8: ONE-HUB-XF-05 | B8: Disclaimers | C8: Type 3. Section-Based | D8: Validation, that - a section based Disclaimer can be created | F8: Yes | G8: Completed | K8: TA OK | L8: TA OK | O8: TA OK | P8: TA OK | Q8: TA OK | S8: TA OK
A9: ONE-HUB-XF-06 | B9: Disclaimers | C9: Type 3. Section-Based | D9: Validation, that - a section based Disclaimer can be set on a page - appears below the content section | F9: No
A10: ONE-HUB-XF-07 | B10: Disclaimers | C10: Type 4. Item-Based | D10: Validation, that - a item based Disclaimer can be created | F10: Yes | G10: Completed | K10: TA OK | L10: TA OK | O10: TA OK | P10: TA OK | Q10: TA OK | S10: TA OK
A11: ONE-HUB-XF-08 | B11: Disclaimers | C11: Type 4. Item-Based | D11: Validation, that - a item based Disclaimer can be set on a page - appears below the content item | F11: No
A12: ONE-HUB-XF-09 | B12: Disclaimers | C12: Type 5. Inline | D12: Validation, that - an inline disclaimer can be created | F12: Yes | G12: Completed | K12: TA OK | L12: TA OK | O12: TA OK | P12: TA OK | Q12: TA OK | S12: TA OK
A13: ONE-HUB-XF-10 | B13: Disclaimers | C13: Type 5. Inline | D13: Validation, that - an inline disclaimer can be set on a page - appears within the referring text item, e.g. headline or copy, have the same size | F13: No
A14: ONE-HUB-XF-11 | B14: Disclaimers | C14: Type 6. Pageload-Based | D14: Validation, that - a pageload based disclaimer can be created | F14: Yes | G14: Completed | K14: TA OK | L14: TA OK | O14: TA OK | P14: TA OK | Q14: TA OK | S14: TA OK
A15: ONE-HUB-XF-12 | B15: Disclaimers | C15: Type 6. Pageload-Based | D15: Validation, that the: - a pageload based Disclaimer can be set on a page - appears within clicking on the reference number, can be closed via x button | F15: No
A16: ONE-HUB-XF-12-01 | B16: Disclaimers | C16: Advanced Disclaimer | D16: Validation, that - an advanced disclaimer can be created | F16: Yes | G16: Completed | K16: TA OK | L16: TA OK | O16: TA OK | P16: TA OK | Q16: TA OK | S16: TA OK
A17: ONE-HUB-XF-12-02 | B17: Disclaimers | C17: Advanced Disclaimer | D17: Validation, that the: - a advanced Disclaimer can be set on a page - appears below the content item | F17: No
A18: ONE-HUB-XF-13 | B18: Disclaimers | C18: Internal / External links | D18: Validation, that in the disclaimer copy text: - internal link can be set (pathbrowser int. Link) - external link can be set - opened only on the same page (target/the same) | F18: No
A19: ONE-HUB-XF-14 | B19: Layers | C19: Content Layer XF | D19: Validation, that - a Content Layer with content can be created in the XF | E19: Items: - Richtext Simple - Heading - Copy Item - Quote Item - Statement Item - Media Single Item - Media Gallery Item - Table Item - Copy Inset Item - Expand Collapse Item - Item Group | F19: Yes | G19: Completed | K19: TA OK | L19: TA OK | O19: TA OK | P19: TA OK | Q19: TA OK | S19: TA OK
A20: ONE-HUB-XF-15 | B20: Layers | C20: Content Layer XF | D20: Validation, that - the Content Layer can be set on a page - appears on the bottum site of a page | F20: Yes | G20: Completed | K20: TA OK | L20: TA OK | O20: TA OK | P20: TA OK | Q20: TA OK | S20: TA OK
A21: ONE-HUB-XF-16 | B21: Layers | C21: Interaction Layer XF | D21: Validation, that - an Interaction Layer with content can be created in the XF | E21: Items: - Heading - Richtext Full - Copy Item - Link List Item | F21: Yes | G21: Completed | K21: TA OK | L21: TA OK | O21: TA OK | P21: TA OK | Q21: TA OK | S21: TA OK
A22: ONE-HUB-XF-17 | B22: Layers | C22: Interaction Layer XF | D22: Validation, that - the Interaction Layer can be set on a page - appears on the right site of a page | F22: Yes | G22: Completed | K22: TA OK | L22: TA OK | O22: TA OK | P22: TA OK | Q22: TA OK | S22: TA OK
A23: ONE-HUB-XF-18 | B23: Carfeatures | C23: Car Feature Category XF | D23: Validation, that - a Car Feature Category can be created in the XF | E23: Items: - Richtext Simple - Richtext Full | F23: Yes | G23: Completed | K23: TA OK | L23: TA OK | O23: TA OK | P23: TA OK | Q23: TA OK | S23: TA OK
A24: ONE-HUB-XF-19 | B24: Carfeatures | C24: Car Feature Category XF | D24: Validation, that - the Car Feature Category can be set in a S125 Highlight Feature Section on a page | F24: Yes | G24: Completed | K24: TA OK | L24: TA OK | O24: TA OK | P24: TA OK | Q24: TA OK | S24: TA OK
A25: ONE-HUB-XF-20 | B25: Carfeatures | C25: Car Feature XF | D25: Validation, that - a Car Feature can be created in the XF | E25: Item: - Richtext Simple - Heading - Media Single Item - Richtext Simple - Copy Item - Quote Item - Statement Item - Media Single Item | F25: Yes | G25: Completed | K25: TA OK | L25: TA OK | O25: TA OK | P25: TA OK | Q25: TA OK | S25: TA OK
A26: ONE-HUB-XF-21 | B26: Carfeatures | C26: Car Feature XF | D26: Validation, that - the Car Feature XF can be set in a S125 Highlight Feature Section on a page | F26: Yes | G26: Completed | K26: TA OK | L26: TA OK | O26: TA OK | P26: TA OK | Q26: TA OK | S26: TA OK
A27: ONE-HUB-XF-22 | B27: Authors | C27: Author | D27: Validation, that - an Author with can be created in the XF (proberties) | E27: Item: Author Name | F27: Yes | G27: Completed | K27: TA OK | L27: TA OK | O27: TA OK | P27: TA OK | Q27: TA OK | S27: TA OK
A28: ONE-HUB-XF-23 | B28: Authors | C28: Author | D28: Validation, that - an Authors can be set in a S106 Editorial Section on a page | F28: Yes | G28: Completed | K28: TA OK | L28: TA OK | O28: TA OK | P28: TA OK | Q28: TA OK | S28: TA OK
A29: ONE-HUB-XF-24 | B29: Photographers | C29: Photographers | D29: Validation, that - a Photographers with can be created in the XF (proberties) | E29: Item: Photographer Name | F29: Yes | G29: Completed | K29: TA OK | L29: TA OK | O29: TA OK | P29: TA OK | Q29: TA OK | S29: TA OK
A30: ONE-HUB-XF-25 | B30: Photographers | C30: Photographers | D30: Validation, that - an Photographer can be set in a S106 Editorial Section on a page | F30: Yes | G30: Completed | K30: TA OK | L30: TA OK | O30: TA OK | P30: TA OK | Q30: TA OK | S30: TA OK
A31: ONE-HUB-XF-26 | B31: Editorial Teaser | C31: Editorial Teaser | D31: Validation, that - an Editorial Teaser can be created | E31: Items: - Media Element Image - Category Link (optional) - Richtext Simple - Richtext Simple | F31: Yes | G31: Completed | K31: TA OK | L31: TA OK | O31: TA OK | P31: TA OK | Q31: TA OK | S31: TA OK
A32: ONE-HUB-XF-27 | B32: Editorial Teaser | C32: Editorial Teaser | D32: Validation, that - an Editorial Teaser can be set in S115 Focus Teaser Section on a page | F32: Yes | G32: Completed | K32: TA OK | L32: TA OK | O32: TA OK | P32: TA OK | Q32: TA OK | S32: TA OK
A33: ONE-HUB-XF-28 | B33: Text only teaser | C33: Text only teaser | D33: Validation, that - an Text only teaser can be created | F33: Yes | G33: Completed | K33: TA OK | L33: TA OK | O33: TA OK | P33: TA OK | Q33: TA OK | S33: TA OK
A34: ONE-HUB-XF-29 | B34: Text only teaser | C34: Text only teaser | D34: Validation, that - an Text only teaser can be set in a S135 Text Only Teaser Section | F34: Yes | G34: Completed | K34: TA OK | L34: TA OK | O34: TA OK | P34: TA OK | Q34: TA OK | S34: TA OK
A35: ONE-HUB-XF-30 | B35: Text only teaser | C35: Text only teaser | D35: Validation, that -the S135 Section and its text only teaser is displayed on the publisher | F35: Yes | G35: Completed | K35: TA OK | L35: TA OK | O35: TA OK | P35: TA OK | Q35: TA OK | S35: TA OK
A36: ONE-HUB-XF-31 | B36: Accessibility | C36: Accessibility | D36: Validation, that - all elements are reachable via keyboard - every element is read out by a screenreader | F36: No

Sheet TO SIT
A1: =Homepage!A1 -> Testexecution Product Release Version: v3.198.276.122 Date Start: 30.06.2026 Date Ende: 06.07.2026 Test
A2: =Homepage!A2 -> Environment: https://ngw-stage.lighthouselabs.io/de/mofa.html
A3: Checkpoint | B3: Template | C3: Section | D3: Test goal (expected result) | E3: Section Items | F3: TA | G3: TA Status | H3: Example | I3: URL Testcontent | J3: Who | K3: iPhone 16 iOs v. 26 Safari/Mobile | L3: iPad iOs v. 26 Safari/Tablet | M3: MacBook Safari v. 12.1.2 | N3: Samsung Galaxy 8 Android v. IE v. 10.1.00.27 Chrome/Mobile | O3: Tablet Android v. Chrome v. 77 Chrome/Tablet | P3: Samsung Galaxy 8 Android Chrome v. 77 Chrome/Mobile | Q3: Chrome v. 84 Chrome/Desktop | R3: Microsoft Edge v. 44 Chrome/ Desktop | S3: FireFox v. 68 | T3: New Jira Ticket | U3: Existing Jira Ticket
A4: One-HUB-GF-01 | B4: VW ID | D4: Validation, that - login is possible - navigate to MyVolkswagen is possible - navigate to Einstellungen is possible - logout is possible | F4: Yes | G4: Completed | K4: TA OK | L4: TA OK | O4: TA OK | P4: TA OK | Q4: TA OK | S4: TA OK
A5: One-HUB-GF-02 | B5: VW ID | D5: Validation, that - password reset is possible - create a new account is possible - Merge Consent appears (after removing or new account) | F5: No | G5: Completed
A6: One-HUB-GF-03 | B6: NavigationFlayout | D6: Validation, that - open NavigationFlyout is possible - navigate to 1 Level is possible - navigate to 2 Level is possible - navigate to 3 Level is possible - closing NavigationFlyout with close button is possible | F6: Yes | G6: Completed | K6: TA OK | L6: TA OK | O6: TA OK | P6: TA OK | Q6: TA OK | S6: TA OK
A7: One-HUB-GF-04 | B7: NavigationFlayout | D7: Validation, that - top - Links are working - teaser link is working - language switch is working - imprint link is working - cookie policy link is working - legal statement is working - privacy policy is working - Lizenshinweise Dritter is working | F7: No
A8: One-HUB-GF-05 | B8: Top Bar | D8: Validation, that - the VW Logo - redirects back to homepage - scrolling down the white bar with burger menue item is visible - scrolling up the complete top bar with burger menue, VW-Logo and top bar Icon are visible | F8: Yes | G8: Completed | K8: TA OK | L8: TA OK | O8: TA OK | P8: TA OK | Q8: TA OK | S8: TA OK
A9: One-HUB-GF-08 | B9: Search | D9: Validation, that - Search Icon can be enabled and disabled - verify that the Search Icon is visible on publisher site - search a target word and verify the search result | F9: No
A10: One-HUB-GF-09 | B10: MOFA | D10: Validation, that - open Navigationflyout and navigate with the Showroom Journey "Modelle entdeken" - select a car is possible - select a Trim is possible | F10: Yes | G10: Completed | K10: TA OK | L10: TA OK | O10: TA OK | P10: TA OK | Q10: TA OK | S10: TA OK
A11: One-HUB-GF-10 | B11: Configurator | D11: Validation, that - open Navigationflyout and navigate with the Configure Journey "Konfigurator" - select a car is possible - select a Trim is possible - switch to the configurator and configure a car | F11: Yes | G11: Completed | K11: TA OK | L11: TA OK | O11: TA OK | P11: TA OK | Q11: TA OK | S11: TA OK
A12: One-HUB-GF-11 | B12: Media Elements | D12: Validation, that - Images in sections or on pages are not blurred - Animation in sections or on pages are not blurred - Videos in sections or on pages are not blurred | F12: No
A13: One-HUB-GF-12 | B13: Tables | D13: Validation, that - content of an exiting table are complete as for the deployment: | F13: Yes | G13: Completed | K13: TA OK | L13: TA OK | O13: TA OK | P13: TA OK | Q13: TA OK | S13: TA OK
A14: One-HUB-GF-13 | B14: External Link Light Box | D14: Validation, that - the template of the External Link Lightbox can be created - arranges a Headline, Richtext and a Button - an external Link can be configured - create an external link is possible - edit an external link light box is possible - create an internen link is possible - links that are added on the whitelist are displayed - links that are added on the blacklist are not displayed | F14: Yes | G14: Completed | K14: TA OK | L14: TA OK | O14: TA OK | P14: TA OK | Q14: TA OK | S14: TA OK
A15: One-HUB-GF-14 | B15: External Link Light Box | D15: Validation, that - external Link Light Box appears | F15: Yes | G15: Completed | K15: TA OK | L15: TA OK | O15: TA OK | P15: TA OK | Q15: TA OK | S15: TA OK
A16: One-HUB-GF-15 | B16: Global Disclaimer | D16: Validation, that - the global disclaimer are displayed on the Mofa Overview page - the global disclaimer are displayed on the Showroom page - the global disclaimer are displayed on the Homepage - the global disclaimer are displayed on the Editorial Page - the global disclaimer are displayed on content layer - the global disclaimer are displayed on the Integrator Template | F16: Yes | G16: Completed | K16: TA OK | L16: TA OK | O16: TA OK | P16: TA OK | Q16: TA OK | S16: TA OK
A17: One-HUB-GF-16 | B17: Integrator Template | D17: Validation, that - open Navigationflyout and select "Integrator" - Integrator template is loaded and Topbar, Footer are displayed properly - open Navigationflyout, select "Modelle und Konfigurator" and navigate to "Modelle Entdecken" - Mofa Overview is loaded and displayed without error messages | F17: Yes | G17: Completed | K17: TA OK | L17: TA OK | O17: TA OK | P17: TA OK | Q17: TA OK | S17: TA OK
A18: One-HUB-GF-18 | B18: unsupported Browser Notification | D18: Validation, that - an unsupported browser notification is displayed when using the "updated Browser" | F18: Yes | G18: Completed | K18: TA OK | L18: TA OK | O18: TA OK | P18: TA OK | Q18: TA OK | S18: TA OK
A19: One-HUB-GF-19 | B19: Breadcrumbs | D19: Validation, that breadcrumbs invisible on: - Homepage Validation, that breadcrumbs visible on: - Editorial Overview Page - it is possible to navigate backwards - no breadcrumbs for Mobile viewport (<560px) Validation, that breadcrumbs visible on: - Editorial Page - it is possible to navigate backwards - no breadcrumbs for Mobile viewport (<560px) Validation, that breadcrumbs: - Showroom Page - full path breadcrumbs visible under stage on showroom page without Technical Car Data Section - it is possible to navigate backwards - no breadcrumbs for Mobile viewport (<560px) Validation, that breadcrumbs: - Showroom Page - full path breadcrumbs visible under stage on showroom page without Technical Car Data Section - it is possible to navigate backwards - no breadcrumbs for Mobile viewport (<560px) Validation, that breadcrumbs visible on: - Model Overview Page - it is possible to navigate backwards - no breadcrumbs for Mobile viewport (<560px) Validation, that breadcrumbs visible on: - Feature App Page - it is possible to navigate backwards - no breadcrumbs for Mobile viewport (<560px) | F19: Yes | G19: Completed | K19: TA OK | L19: TA OK | O19: TA OK | P19: TA OK | Q19: TA OK | S19: TA OK
A20: One-HUB-GF-20 | B20: In-Page Navigation | D20: Validation, that - the inpage navigation bar can be used for all focus name navigate to corresponding sections on a page - the inpage navigation bar can be displayed everywhere in the page below the Stage by scrolling the page down or down - the inpage navigation bar still visible while scrolling the Page up - the inpage navigation bar is sticky at the top of the page - configured inpage navigation titles of showrooms are still there, compare with publiher - set external/internal links to inpage navigation bar | F20: Yes | G20: Completed | K20: TA OK | L20: TA OK | O20: TA OK | P20: TA OK | Q20: TA OK | S20: TA OK
A21: One-HUB-GF-21 | B21: Anchor | D21: Validation, that - links connected with Anchor can be used in the Showroom Page (all focus links navigate to corresponding sections on the Showroom) | F21: Yes | G21: Completed | K21: TA OK | L21: TA OK | O21: TA OK | P21: TA OK | Q21: TA OK | S21: TA OK
A22: One-HUB-GF-22 | B22: Alias | D22: Validation, that - an alias can be set - the site can be called via the alias | F22: Yes | G22: Completed | K22: TA OK | L22: TA OK | O22: TA OK | P22: TA OK | Q22: TA OK | S22: TA OK
A23: One-HUB-GF-23 | B23: Skip Links | D23: Validation, that - Validate that Skiplinks can be enabled and disabled - Skip Links are displayed on the page | F23: No
A24: One-HUB-GF-24 | B24: NBAB | D24: Validation, that - a NBAB can be activated via Pageproperties - a NBAB can be inherit via Pageproperties - a NBAB can be deactivate via Pageproperties | F24: Yes | G24: Completed | K24: TA OK | L24: TA OK | O24: TA OK | P24: TA OK | Q24: TA OK | S24: TA OK
A25: One-HUB-GF-25 | B25: NBAB | D25: Validation, that - the activated NBAB is displayed on the page - the inherit NBAB is displayed on the childpage - an inherit NBAB button can be overwritten by childpage configuration - the deactivaed NBAB is not displayed on the page - define up to five actions of NBAB per section - define up to five actions of NBAB per page - only in Mobile: NBABs are only visible after clicking on the primary NBAB - in Tablet and Desktop view: all NBAB's are visible by default | F25: Yes | G25: completed | K25: TA OK | L25: TA OK | O25: TA OK | P25: TA OK | Q25: TA OK | S25: TA OK
A26: One-HUB-GF-26 | B26: NBAB | D26: Validation, that in Publish Page: 1. for 50% all users see Variant A (Circular): - only in Mobile: NBAB's are only visible after clicking on the primary NBAB - in Tablet and Desktop view: all NBAB's are visible by default 2. or 50% means that all users see Variant B (Horizontal) a) in mobile and tablet view: - NBAB is part of the sticky panel at the bottom of the viewport - for one NBAB the button is shown on the right - more than one NBAB, NBAB's are displayed after expanding the menu icon on the left b) in the desktop view, all NBABs are visible by default | F26: No
A27: One-HUB-GF-27 | B27: URL Mapping | D27: Validation, that the: - URL mapping can be edited - URL entry can be saved - URL mapping can be published | F27: No
A28: One-HUB-GF-28 | B28: Editorial Overview Page | D28: Validation, that - a S121 with its items can be displayed - arranges a glossary alphabet" & glossary groups / Items - Glossary alphabet is displayed on the page | F28: Yes | G28: Completed
A29: One-HUB-GF-29 | B29: Accessibility | D29: Validation, that - all elements are reachable via keyboard - every element is read out by a screenreader | F29: No
A30: One-HUB-GF-30 | B30: Wishlist | D30: Validation, that - Cars can be added to wishlist - Wishlist-icon is displayed in navigation bar - Counter on wishlist-icon is equal to items in wishlist - Items added in Garage & GSL are displayed in wishlist - Wishlist is displayed in publisher
A31: One-HUB-GF-31 | B31: Shopping-Cart | D31: Validation, that - Shopping Cart Icon is displayed in navigation-bar - Shopping Cart is displayed in publisher - Items can be added through configured shops - added items are displayed in shopping cart - Items can be removed from shopping cart

Sheet Archive
A1: Testexecution Product Release Version: n.nn.n Date Start: 16.09.2020 Date Ende: 18.09.2020
A2: Environment: https://ngw-stage.lighthouselabs.io/de/mofa.html
A3: Checkpoint | B3: Template | C3: Section | D3: Test goal (expected result) | E3: Section Items | F3: TA | G3: TA Status | H3: Example | I3: URL Testcontent | J3: Who | K3: iPhone 16 iOs v. 26 Safari/Mobile | L3: iPad iOs v. 26 Safari/Tablet | M3: MacBook Safari v. 12.1.2 | N3: Samsung Galaxy 8 Android v. IE v. 10.1.00.27 Chrome/Mobile | O3: Tablet Android v. Chrome v. 77 Chrome/Tablet | P3: Samsung Galaxy 8 Android Chrome v. 77 Chrome/Mobile | Q3: Chrome v. 84 Chrome/Desktop | R3: Microsoft Edge v. 44 Chrome/ Desktop | S3: FireFox v. 68 | T3: New Jira Ticket | U3: Existing Jira Ticket
A4: One-HUB-GF-06 | B4: OneShop | D4: Validation, that - shopping cart icon (Top bar) can be enabled and disabled - verify that the shopping cart icon is visible on publisher site | G4: Dont delete, just hide
A5: One-HUB-GF-07 | B5: OneShop | D5: Validation, that - redirect to OneShop via shopping cart is possible - can be used on HP, ED, EOP, MOP, SRP and Integrator Page | G5: Dont delete, just hide | K5: TA OK | L5: TA OK | O5: TA OK | P5: TA OK | Q5: TA OK | S5: TA OK

Sheet Template
A1: Testexecution Product Release Version: n.nn.n Date Start: 16.09.2020 Date Ende: 18.09.2020
A2: Environment: https://ngw-stage.lighthouselabs.io/de/mofa.html
A3: Checkpoint | B3: Template | C3: Section | D3: Test goal (expected result) | E3: Section Items | F3: TA | G3: TA Status | H3: Example | I3: URL Testcontent | J3: Who | K3: iPhone 16 iOs v. 26 Safari/Mobile | L3: iPad iOs v. 26 Safari/Tablet | M3: MacBook Safari v. 12.1.2 | N3: Samsung Galaxy 8 Android v. IE v. 10.1.00.27 Chrome/Mobile | O3: Tablet Android v. Chrome v. 77 Chrome/Tablet | P3: Samsung Galaxy 8 Android Chrome v. 77 Chrome/Mobile | Q3: Chrome v. 84 Chrome/Desktop | R3: Microsoft Edge v. 44 Chrome/ Desktop | S3: FireFox v. 68 | T3: New Jira Ticket | U3: Existing Jira Ticket

Sheet Not relevant for testing
A1: One-HUB-HP-10-01 | B1: Home Page | C1: S104 Fullscreen Stage Section | D1: S104 Fullscreen Stage Section
D2: Item: CTA Button with Link or Layer
A3: One-HUB-HP-11-01 | B3: Home Page | C3: S113 First Level Teaser | D3: S113 First Level Teaser
D4: Editorial Teaser Element 1
A5: One-HUB-HP-13-01 | B5: Home Page | C5: S115 Focus Teaser Section | D5: S115 Focus Teaser Section
D6: Editorial Teaser Element 1
D7: Item: Additional Link
A8: One-HUB-HP-14-01 | B8: Home Page | C8: S110 Highlight Teaser Section | D8: S110 Highlight Teaser Section
D9: Editorial Teaser Element 1
A10: One-HUB-HP-15-01 | B10: Home Page | C10: S102 Single Column Section | D10: S102 Single Column Section
D11: I108 Link List Item
A12: One-HUB-HP-16-01 | B12: Home Page | C12: S108 Editorial Teaser Section | D12: S108 Editorial Teaser Section
D13: Item: Heading
D14: Editorial Teaser Element 1
A15: One-HUB-HP-17-01 | B15: Home Page | C15: S119 Newsletter Signup Section | D15: S119 Newsletter Signup Section
D16: CTA Button
A17: One-HUB-HP-18-01 | B17: Home Page | C17: S129 Power Teaser Section | D17: S129 Power Teaser Section
D18: CTA Button
A19: One-HUB-HP-29-01 | B19: Home Page | C19: S132 Expand Collapse Section | D19: S132 Expand Collapse Section
D20: Item: I132 Expand Collapse Item 1
D21: Item: Link
A22: One-HUB-SR-14-01 | B22: Showroom Page | C22: S128 Car Technical Data Section | D22: S128 Car Technical Data Section
D23: Item: optional Button
A24: One-HUB-SR-18-01 | B24: Showroom Page | C24: S102 Two Columns Section | D24: S102 Two Columns Section
D25: I108 Link List Item (left)
A26: One-HUB-SR-19-01 | B26: Showroom Page | C26: S125 Highlight Feature Section | D26: S125 Highlight Feature Section
D27: Car Feature 1
A28: One-HUB-SR-23-01 | B28: Showroom Page | C28: S127 Feature Cluster Section | D28: S127 Feature Cluster Section
D29: Car Feature Category Item 1
A30: One-HUB-SR-24-01 | B30: Showroom Page | C30: S130 USP Section | D30: S130 USP Section
D31: Item: Link 1: External Link/Internal Link
D32: Item: Link 2: Layer
D33: Item: Link 3: Download
A34: One-HUB-EOP-14-01 | B34: Editorial Overview Page | C34: S123 Second Level Teaser Section | D34: S123 Second Level Teaser Section
D35: Item: grid-like view teaser
A36: One-HUB-EOP-16-01 | B36: Editorial Overview Page | C36: S117 Accordion Section | D36: S117 Accordion Section
D37: Item: I117Accordion Item 1
A38: One-HUB-EP-23-01 | B38: Editorial Page | C38: S118 Countdown section | D38: S118 Countdown section
D39: Countdown Element
D40: CTA Button
D41: Pre-Booking Element
D42: Icon Bullet Point Element 1: with CAR_FRONT Icon
